"source","term_name","term_id","highlighted","adjusted_p_value","negative_log10_of_adjusted_p_value","term_size","query_size","intersection_size","effective_domain_size","intersections"
"GO:MF","glucuronosyltransferase activity","GO:0015020","true","5.418813349059437e-24","23.266095807996575","34","175","17","20195","UGT1A1,UGT1A10,UGT1A3,UGT1A4,UGT1A5,UGT1A6,UGT1A7,UGT1A8,UGT1A9,UGT2A1,UGT2A3,UGT2B15,UGT2B17,UGT2B28,UGT2B4,UGT2B7,UGT3A2"
"GO:MF","hexosyltransferase activity","GO:0016758","false","2.7285743403382794e-19","18.5640642093139","197","175","25","20195","A3GALT2,ABO,ALG8,GBGT1,GLT6D1,PIGM,POFUT1,STT3A,UGT1A1,UGT1A10,UGT1A3,UGT1A4,UGT1A5,UGT1A6,UGT1A7,UGT1A8,UGT1A9,UGT2A1,UGT2A3,UGT2B15,UGT2B17,UGT2B28,UGT2B4,UGT2B7,UGT3A2"
"GO:MF","glycosyltransferase activity","GO:0016757","false","4.294806244839748e-18","17.367056424078374","273","175","27","20195","A3GALT2,ABO,ALG8,GBGT1,GLT6D1,PIGM,POFUT1,STT3A,UGT1A1,UGT1A10,UGT1A3,UGT1A4,UGT1A5,UGT1A6,UGT1A7,UGT1A8,UGT1A9,UGT2A1,UGT2A3,UGT2B10,UGT2B15,UGT2B17,UGT2B28,UGT2B4,UGT2B7,UGT3A2,XYLT1"
"GO:MF","catalytic activity","GO:0003824","false","7.756610105826062e-18","17.110328038276577","5758","175","109","20195","A3GALT2,ABO,ACACB,ACSS1,ADH1A,ADH1B,ADH1C,ADH4,ADH5,ADH6,ADH7,ADHFE1,AKR1A1,ALDH1A1,ALDH1A2,ALDH1A3,ALDH2,ALDH3A1,ALDH3B1,ALDH6A1,ALG8,ASL,ATP2A1,AWAT2,CYP2A13,CYP2A6,CYP2B6,CYP2C18,CYP2C19,CYP2E1,CYP3A43,CYP3A5,DDX55,DDX6,DHRS12,DHRS3,EEF1A2,ERCC2,ESD,FMO3,FMO5,GBGT1,GIT2,GLT6D1,GLYAT,GLYATL2,GLYATL3,GSTA2,GSTM3,HBA2,HGS,HIPK3,HSD11B1L,KAT6A,KIFC2,LDHAL6A,LDHD,MASP2,MGST1,MPG,NEK6,NHLRC4,NKTR,PANK2,PCMTD1,PGD,PGM2,PIAS1,PIGM,PKLR,PLCXD2,POFUT1,PON3,PPM1G,PPP4C,PRDM10,PRKAA2,PTGR1,PTGR2,SAR1A,SENP7,SND1,SRR,STK17A,STT3A,SULT1A1,SULT1A2,TENT2,TUBB8,UGT1A1,UGT1A10,UGT1A3,UGT1A4,UGT1A5,UGT1A6,UGT1A7,UGT1A8,UGT1A9,UGT2A1,UGT2A3,UGT2B10,UGT2B15,UGT2B17,UGT2B28,UGT2B4,UGT2B7,UGT3A2,VAT1L,XYLT1"
"GO:MF","UDP-glycosyltransferase activity","GO:0008194","false","4.0195795366357917e-17","16.3958193734004","145","175","21","20195","A3GALT2,GBGT1,UGT1A1,UGT1A10,UGT1A3,UGT1A4,UGT1A5,UGT1A6,UGT1A7,UGT1A8,UGT1A9,UGT2A1,UGT2A3,UGT2B10,UGT2B15,UGT2B17,UGT2B28,UGT2B4,UGT2B7,UGT3A2,XYLT1"
"GO:MF","oxidoreductase activity","GO:0016491","true","3.288764169581152e-15","14.482967267752262","751","175","37","20195","ADH1A,ADH1B,ADH1C,ADH4,ADH5,ADH6,ADH7,ADHFE1,AKR1A1,ALDH1A1,ALDH1A2,ALDH1A3,ALDH2,ALDH3A1,ALDH3B1,ALDH6A1,CYP2A13,CYP2A6,CYP2B6,CYP2C18,CYP2C19,CYP2E1,CYP3A43,CYP3A5,DHRS12,DHRS3,FMO3,FMO5,HBA2,HSD11B1L,LDHAL6A,LDHD,MGST1,PGD,PTGR1,PTGR2,VAT1L"
"GO:MF","alcohol dehydrogenase activity, zinc-dependent","GO:0004024","false","2.1684378351689808e-12","11.663853023702014","7","175","7","20195","ADH1A,ADH1B,ADH1C,ADH4,ADH5,ADH6,ADH7"
"GO:MF","alcohol dehydrogenase (NAD+) activity","GO:0004022","false","2.912267476976173e-12","11.53576873978479","11","175","8","20195","ADH1A,ADH1B,ADH1C,ADH4,ADH5,ADH6,ADH7,ADHFE1"
"GO:MF","alcohol dehydrogenase [NAD(P)+] activity","GO:0018455","false","8.672565926562731e-12","11.06185239008105","12","175","8","20195","ADH1A,ADH1B,ADH1C,ADH4,ADH5,ADH6,ADH7,ADHFE1"
"GO:MF","oxidoreductase activity, acting on the CH-OH group of donors, NAD or NADP as acceptor","GO:0016616","false","1.9643048893963102e-11","10.706791102340446","131","175","16","20195","ADH1A,ADH1B,ADH1C,ADH4,ADH5,ADH6,ADH7,ADHFE1,AKR1A1,ALDH3A1,DHRS3,LDHAL6A,LDHD,PGD,PTGR1,PTGR2"
"GO:MF","oxidoreductase activity, acting on CH-OH group of donors","GO:0016614","false","6.34650613561763e-11","10.197465295749542","141","175","16","20195","ADH1A,ADH1B,ADH1C,ADH4,ADH5,ADH6,ADH7,ADHFE1,AKR1A1,ALDH3A1,DHRS3,LDHAL6A,LDHD,PGD,PTGR1,PTGR2"
"GO:MF","oxidoreductase activity, acting on the aldehyde or oxo group of donors","GO:0016903","false","2.2008394332954275e-10","9.65741164112565","49","175","11","20195","ADH4,ADH5,ADH7,ALDH1A1,ALDH1A2,ALDH1A3,ALDH2,ALDH3A1,ALDH3B1,ALDH6A1,FMO5"
"GO:MF","aldehyde dehydrogenase [NAD(P)+] activity","GO:0004030","false","7.334554363350996e-10","9.134626268107953","18","175","8","20195","ADH4,ADH5,ALDH1A1,ALDH1A2,ALDH1A3,ALDH2,ALDH3A1,ALDH3B1"
"GO:MF","aldehyde dehydrogenase (NAD+) activity","GO:0004029","false","2.322823342290038e-8","7.633983818346987","16","175","7","20195","ADH5,ALDH1A1,ALDH1A2,ALDH1A3,ALDH2,ALDH3A1,ALDH3B1"
"GO:MF","oxidoreductase activity, acting on the aldehyde or oxo group of donors, NAD or NADP as acceptor","GO:0016620","false","3.242660967127798e-8","7.489098456138183","40","175","9","20195","ADH4,ADH5,ALDH1A1,ALDH1A2,ALDH1A3,ALDH2,ALDH3A1,ALDH3B1,ALDH6A1"
"GO:MF","NAD-retinol dehydrogenase activity","GO:0004745","false","1.0009273370012994e-7","6.999597449278726","19","175","7","20195","ADH1A,ADH1B,ADH1C,ADH4,ADH6,ADH7,DHRS3"
"GO:MF","transferase activity","GO:0016740","false","5.126470024379538e-7","6.290181577699912","2341","175","50","20195","A3GALT2,ABO,ALG8,AWAT2,GBGT1,GIT2,GLT6D1,GLYAT,GLYATL2,GLYATL3,GSTA2,GSTM3,HGS,HIPK3,KAT6A,MGST1,NEK6,NHLRC4,PANK2,PCMTD1,PIAS1,PIGM,PKLR,POFUT1,PRDM10,PRKAA2,STK17A,STT3A,SULT1A1,SULT1A2,TENT2,UGT1A1,UGT1A10,UGT1A3,UGT1A4,UGT1A5,UGT1A6,UGT1A7,UGT1A8,UGT1A9,UGT2A1,UGT2A3,UGT2B10,UGT2B15,UGT2B17,UGT2B28,UGT2B4,UGT2B7,UGT3A2,XYLT1"
"GO:MF","steroid hydroxylase activity","GO:0008395","false","5.625343467798435e-7","6.249850955596041","37","175","8","20195","CYP2A13,CYP2A6,CYP2B6,CYP2C18,CYP2C19,CYP2E1,CYP3A43,CYP3A5"
"GO:MF","isoprenoid binding","GO:0019840","false","7.073114178530456e-7","6.150389331214104","38","175","8","20195","ADH4,ADH7,ALDH1A2,UGT1A1,UGT1A3,UGT1A7,UGT1A8,UGT1A9"
"GO:MF","retinoid binding","GO:0005501","true","7.073114178530456e-7","6.150389331214104","38","175","8","20195","ADH4,ADH7,ALDH1A2,UGT1A1,UGT1A3,UGT1A7,UGT1A8,UGT1A9"
"GO:MF","oxidoreductase activity, acting on paired donors, with incorporation or reduction of molecular oxygen, reduced flavin or flavoprotein as one donor, and incorporation of one atom of oxygen","GO:0016712","false","0.0000020214510023348795","5.694336781005291","43","175","8","20195","CYP2A13,CYP2A6,CYP2B6,CYP2C18,CYP2C19,CYP2E1,CYP3A43,CYP3A5"
"GO:MF","arachidonic acid epoxygenase activity","GO:0008392","false","0.000002961921286271672","5.5284264871355715","17","175","6","20195","CYP2A13,CYP2A6,CYP2B6,CYP2C18,CYP2C19,CYP2E1"
"GO:MF","benzaldehyde dehydrogenase [NAD(P)+] activity","GO:0019115","false","0.000003632655348069384","5.439775804320594","4","175","4","20195","ADH4,ALDH1A1,ALDH3A1,ALDH3B1"
"GO:MF","arachidonic acid monooxygenase activity","GO:0008391","false","0.000012618646901098495","4.898987212040521","21","175","6","20195","CYP2A13,CYP2A6,CYP2B6,CYP2C18,CYP2C19,CYP2E1"
"GO:MF","monooxygenase activity","GO:0004497","false","0.000017447246045545802","4.7582731143558705","105","175","10","20195","CYP2A13,CYP2A6,CYP2B6,CYP2C18,CYP2C19,CYP2E1,CYP3A43,CYP3A5,FMO3,FMO5"
"GO:MF","aromatase activity","GO:0070330","false","0.00003063145362777322","4.513832393087614","24","175","6","20195","CYP2A13,CYP2C18,CYP2C19,CYP2E1,CYP3A43,CYP3A5"
"GO:MF","benzaldehyde dehydrogenase (NAD+) activity","GO:0018479","false","0.0004264568417919598","3.3701249136641027","3","175","3","20195","ALDH1A1,ALDH3A1,ALDH3B1"
"GO:MF","retinoic acid binding","GO:0001972","false","0.0004292273845170498","3.3673125780265574","20","175","5","20195","UGT1A1,UGT1A3,UGT1A7,UGT1A8,UGT1A9"
"GO:MF","small molecule binding","GO:0036094","true","0.0007184753194423534","3.143588145851389","2584","175","46","20195","ABCG2,ACACB,ACSS1,ADH4,ADH5,ADH7,ALDH1A1,ALDH1A2,ALDH1A3,ALDH2,ALDH6A1,ATP2A1,CYP2C18,CYP2C19,CYP2E1,CYP3A5,DDX55,DDX6,DHRS3,EEF1A2,EIF4G1,ERCC2,FMO3,FMO5,HBA2,HIPK3,KIFC2,KIFC3,LDHD,NEK6,PANK2,PGD,PKLR,PRKAA2,SAR1A,SRR,STK17A,SULT1A1,TENT2,TUBB8,UGT1A1,UGT1A3,UGT1A7,UGT1A8,UGT1A9,ZBTB21"
"GO:MF","3-chloroallyl aldehyde dehydrogenase activity","GO:0004028","false","0.0016949294011236286","2.7708483867476144","4","175","3","20195","ALDH1A2,ALDH3A1,ALDH3B1"
"GO:MF","oxidoreductase activity, acting on paired donors, with incorporation or reduction of molecular oxygen","GO:0016705","false","0.0026411899593318778","2.5782003623966983","180","175","10","20195","CYP2A13,CYP2A6,CYP2B6,CYP2C18,CYP2C19,CYP2E1,CYP3A43,CYP3A5,FMO3,FMO5"
"GO:MF","heme binding","GO:0020037","true","0.0027820912362399534","2.555628631804128","142","175","9","20195","CYP2A13,CYP2A6,CYP2B6,CYP2C18,CYP2C19,CYP2E1,CYP3A43,CYP3A5,HBA2"
"GO:MF","glycine N-acyltransferase activity","GO:0047961","true","0.004210263180060856","2.3756907559278053","5","175","3","20195","GLYAT,GLYATL2,GLYATL3"
"GO:MF","monocarboxylic acid binding","GO:0033293","false","0.004772722629216778","2.3212338042888705","82","175","7","20195","ACACB,ADH5,UGT1A1,UGT1A3,UGT1A7,UGT1A8,UGT1A9"
"GO:MF","tetrapyrrole binding","GO:0046906","false","0.004850749641292034","2.314191139765033","152","175","9","20195","CYP2A13,CYP2A6,CYP2B6,CYP2C18,CYP2C19,CYP2E1,CYP3A43,CYP3A5,HBA2"
"GO:MF","iron ion binding","GO:0005506","true","0.0066364395436899724","2.1780648575666905","158","175","9","20195","CYP2A13,CYP2A6,CYP2B6,CYP2C18,CYP2C19,CYP2E1,CYP3A43,CYP3A5,HBA2"
"GO:MF","protein homodimerization activity","GO:0042803","true","0.009061555307570992","2.042797254472747","710","175","19","20195","ABCG2,ALDH1A3,ATP2A1,BAK1,DAB2IP,GSTM3,LRRFIP1,MLX,PON3,SNRPC,SRR,UGT1A1,UGT1A10,UGT1A3,UGT1A4,UGT1A6,UGT1A7,UGT1A8,UGT1A9"
"GO:MF","oxidoreductase activity, acting on paired donors, with incorporation or reduction of molecular oxygen, NAD(P)H as one donor, and incorporation of one atom of oxygen","GO:0016709","false","0.012247981036713769","1.9119354947181024","38","175","5","20195","CYP2B6,CYP2C19,CYP2E1,FMO3,FMO5"
"GO:MF","oxygen binding","GO:0019825","false","0.013951112454326712","1.8553911605973676","39","175","5","20195","CYP2C18,CYP2C19,CYP2E1,CYP3A5,HBA2"
"GO:MF","retinal dehydrogenase activity","GO:0001758","false","0.023128990416799805","1.6358433238217742","8","175","3","20195","ALDH1A1,ALDH1A2,ALDH1A3"
"GO:MF","ion binding","GO:0043167","true","0.029775260109818902","1.5261444359319818","6120","175","78","20195","A3GALT2,ABCG2,ACACB,ACSS1,ADGRE5,ADH1A,ADH1B,ADH1C,ADH4,ADH5,ADH6,ADH7,ADHFE1,ALDH1A3,ALDH6A1,ATP2A1,BAK1,CYP2A13,CYP2A6,CYP2B6,CYP2C18,CYP2C19,CYP2E1,CYP3A43,CYP3A5,DDX55,DDX6,EEF1A2,EIF4G1,ERCC2,FMO3,FMO5,FOXP1,GBGT1,GIT2,GSTM3,HBA2,HGS,HIPK3,KAT6A,KIFC2,KIFC3,LDHD,LIMA1,MASP2,NEK6,NF1,NR1I3,NR2C2,PANK2,PGM2,PIAS1,PKLR,PON3,PPM1G,PPP4C,PRDM10,PRKAA2,SAR1A,SNRPC,SRR,STK17A,STT3A,SULT1A1,TENT2,TPT1,TUBB8,UGT1A1,UGT1A3,UGT1A7,UGT1A8,UGT1A9,VAT1L,XYLT1,ZBTB18,ZBTB21,ZNF131,ZNF608"
"GO:MF","alcohol dehydrogenase (NADP+) activity","GO:0008106","true","0.03370409433111692","1.4723173383748527","24","175","4","20195","ADH4,AKR1A1,ALDH3A1,DHRS3"
"GO:MF","S-(hydroxymethyl)glutathione dehydrogenase activity","GO:0051903","false","0.049777127204075386","1.3029701715164899","2","175","2","20195","ADH4,ADH5"
"GO:MF","coumarin 7-hydroxylase activity","GO:0008389","false","0.049777127204075386","1.3029701715164899","2","175","2","20195","CYP2A13,CYP2A6"
"GO:BP","monocarboxylic acid metabolic process","GO:0032787","true","9.47790100079624e-32","31.023287831934617","628","167","49","21110","ACACB,ACSS1,ADH1A,ADH1B,ADH1C,ADH4,ADH5,ADH6,ADH7,AKR1A1,ALDH1A1,ALDH1A2,ALDH1A3,CYP2A13,CYP2A6,CYP2B6,CYP2C18,CYP2C19,CYP2E1,CYP3A5,GLYAT,GLYATL2,LDHD,MLXIPL,PANK2,PGD,PKLR,PON3,PRKAA2,PTGR1,PTGR2,SRR,UGT1A1,UGT1A10,UGT1A3,UGT1A4,UGT1A5,UGT1A6,UGT1A7,UGT1A8,UGT1A9,UGT2A1,UGT2A3,UGT2B10,UGT2B15,UGT2B17,UGT2B28,UGT2B4,UGT2B7"
"GO:BP","organic acid metabolic process","GO:0006082","false","7.383123203822394e-30","29.131759884348256","979","167","56","21110","ACACB,ACSS1,ADH1A,ADH1B,ADH1C,ADH4,ADH5,ADH6,ADH7,ADHFE1,AKR1A1,ALDH1A1,ALDH1A2,ALDH1A3,ALDH6A1,ASL,CYP2A13,CYP2A6,CYP2B6,CYP2C18,CYP2C19,CYP2E1,CYP3A5,FMO3,GLYAT,GLYATL2,LDHAL6A,LDHD,MLXIPL,PANK2,PGD,PKLR,PON3,PRKAA2,PTGR1,PTGR2,SRR,SULT1A1,SULT1A2,UGT1A1,UGT1A10,UGT1A3,UGT1A4,UGT1A5,UGT1A6,UGT1A7,UGT1A8,UGT1A9,UGT2A1,UGT2A3,UGT2B10,UGT2B15,UGT2B17,UGT2B28,UGT2B4,UGT2B7"
"GO:BP","cellular glucuronidation","GO:0052695","false","8.70373351080085e-30","29.060294414585282","21","167","17","21110","UGT1A1,UGT1A10,UGT1A3,UGT1A4,UGT1A5,UGT1A6,UGT1A7,UGT1A8,UGT1A9,UGT2A1,UGT2A3,UGT2B10,UGT2B15,UGT2B17,UGT2B28,UGT2B4,UGT2B7"
"GO:BP","uronic acid metabolic process","GO:0006063","false","1.5729923215715945e-29","28.803273397343162","26","167","18","21110","AKR1A1,UGT1A1,UGT1A10,UGT1A3,UGT1A4,UGT1A5,UGT1A6,UGT1A7,UGT1A8,UGT1A9,UGT2A1,UGT2A3,UGT2B10,UGT2B15,UGT2B17,UGT2B28,UGT2B4,UGT2B7"
"GO:BP","glucuronate metabolic process","GO:0019585","false","1.5729923215715945e-29","28.803273397343162","26","167","18","21110","AKR1A1,UGT1A1,UGT1A10,UGT1A3,UGT1A4,UGT1A5,UGT1A6,UGT1A7,UGT1A8,UGT1A9,UGT2A1,UGT2A3,UGT2B10,UGT2B15,UGT2B17,UGT2B28,UGT2B4,UGT2B7"
"GO:BP","oxoacid metabolic process","GO:0043436","false","5.853001753523685e-29","28.23262134577382","973","167","55","21110","ACACB,ACSS1,ADH1A,ADH1B,ADH1C,ADH4,ADH5,ADH6,ADH7,ADHFE1,AKR1A1,ALDH1A1,ALDH1A2,ALDH1A3,ALDH6A1,ASL,CYP2A13,CYP2A6,CYP2B6,CYP2C18,CYP2C19,CYP2E1,CYP3A5,GLYAT,GLYATL2,LDHAL6A,LDHD,MLXIPL,PANK2,PGD,PKLR,PON3,PRKAA2,PTGR1,PTGR2,SRR,SULT1A1,SULT1A2,UGT1A1,UGT1A10,UGT1A3,UGT1A4,UGT1A5,UGT1A6,UGT1A7,UGT1A8,UGT1A9,UGT2A1,UGT2A3,UGT2B10,UGT2B15,UGT2B17,UGT2B28,UGT2B4,UGT2B7"
"GO:BP","lipid metabolic process","GO:0006629","true","5.86622488901687e-29","28.231641291817976","1418","167","64","21110","A3GALT2,ACACB,ACSS1,ADH1A,ADH1B,ADH1C,ADH4,ADH5,ADH6,ADH7,ADHFE1,AKR1A1,ALDH1A1,ALDH1A2,ALDH1A3,ALDH3A1,ALDH3B1,ALG14,ALG8,ATG14,AWAT2,CYP2A13,CYP2A6,CYP2B6,CYP2C18,CYP2C19,CYP2E1,CYP3A43,CYP3A5,DAB2IP,DHRS3,EEF1A2,FBXW7,FMO5,GBGT1,GLT6D1,GLYATL2,GLYATL3,LIMA1,MLXIPL,MPDU1,PANK2,PIGM,PLCXD2,PRKAA2,PTGR1,PTGR2,SH3YL1,SULT1A1,SULT1A2,UGT1A1,UGT1A10,UGT1A3,UGT1A4,UGT1A7,UGT1A8,UGT1A9,UGT2A1,UGT2B10,UGT2B15,UGT2B17,UGT2B28,UGT2B4,UGT2B7"
"GO:BP","carboxylic acid metabolic process","GO:0019752","false","2.0920704234500232e-27","26.679423700301435","951","167","53","21110","ACACB,ACSS1,ADH1A,ADH1B,ADH1C,ADH4,ADH5,ADH6,ADH7,ADHFE1,AKR1A1,ALDH1A1,ALDH1A2,ALDH1A3,ALDH6A1,ASL,CYP2A13,CYP2A6,CYP2B6,CYP2C18,CYP2C19,CYP2E1,CYP3A5,GLYAT,GLYATL2,LDHAL6A,LDHD,MLXIPL,PANK2,PGD,PKLR,PON3,PRKAA2,PTGR1,PTGR2,SRR,UGT1A1,UGT1A10,UGT1A3,UGT1A4,UGT1A5,UGT1A6,UGT1A7,UGT1A8,UGT1A9,UGT2A1,UGT2A3,UGT2B10,UGT2B15,UGT2B17,UGT2B28,UGT2B4,UGT2B7"
"GO:BP","small molecule metabolic process","GO:0044281","false","2.457444172018605e-27","26.609516339644212","1865","167","70","21110","ABCG2,ACACB,ACSS1,ADH1A,ADH1B,ADH1C,ADH4,ADH5,ADH6,ADH7,ADHFE1,AKR1A1,ALDH1A1,ALDH1A2,ALDH1A3,ALDH2,ALDH3B1,ALDH6A1,ALG14,ALG8,ASL,AWAT2,CYP2A13,CYP2A6,CYP2B6,CYP2C18,CYP2C19,CYP2E1,CYP3A5,DHRS3,ESD,FMO3,FMO5,GLYAT,GLYATL2,LDHAL6A,LDHD,LIMA1,MLXIPL,MPDU1,PANK2,PGD,PGM2,PKLR,POFUT1,PON3,PRKAA2,PTGR1,PTGR2,SLC35A2,SRR,SULT1A1,SULT1A2,UGT1A1,UGT1A10,UGT1A3,UGT1A4,UGT1A5,UGT1A6,UGT1A7,UGT1A8,UGT1A9,UGT2A1,UGT2A3,UGT2B10,UGT2B15,UGT2B17,UGT2B28,UGT2B4,UGT2B7"
"GO:BP","xenobiotic metabolic process","GO:0006805","false","1.1450482750465933e-26","25.94117620315432","124","167","26","21110","ALDH3A1,CYP2A13,CYP2A6,CYP2B6,CYP2C18,CYP2C19,CYP2E1,CYP3A5,FMO5,GLYAT,GSTA2,GSTM3,PON3,SULT1A1,SULT1A2,UGT1A1,UGT1A10,UGT1A3,UGT1A6,UGT1A7,UGT1A8,UGT1A9,UGT2B15,UGT2B17,UGT2B28,UGT2B7"
"GO:BP","cellular response to xenobiotic stimulus","GO:0071466","false","6.544113379751542e-23","22.184149184921406","191","167","27","21110","ALDH3A1,CYP2A13,CYP2A6,CYP2B6,CYP2C18,CYP2C19,CYP2E1,CYP3A5,FMO5,GLYAT,GSTA2,GSTM3,PON3,PRKAA2,SULT1A1,SULT1A2,UGT1A1,UGT1A10,UGT1A3,UGT1A6,UGT1A7,UGT1A8,UGT1A9,UGT2B15,UGT2B17,UGT2B28,UGT2B7"
"GO:BP","isoprenoid metabolic process","GO:0006720","false","2.480540688773847e-22","21.60545364475558","138","167","24","21110","ADH1A,ADH1B,ADH1C,ADH4,ADH5,ADH6,ADH7,ALDH1A1,ALDH1A2,ALDH1A3,ALG14,ALG8,AWAT2,CYP2C18,CYP2C19,CYP2E1,CYP3A5,DHRS3,MPDU1,UGT1A1,UGT1A3,UGT1A7,UGT1A8,UGT1A9"
"GO:BP","terpenoid metabolic process","GO:0006721","false","4.436470030075797e-21","20.352962447947963","100","167","21","21110","ADH1A,ADH1B,ADH1C,ADH4,ADH5,ADH6,ADH7,ALDH1A1,ALDH1A2,ALDH1A3,AWAT2,CYP2C18,CYP2C19,CYP2E1,CYP3A5,DHRS3,UGT1A1,UGT1A3,UGT1A7,UGT1A8,UGT1A9"
"GO:BP","retinoid metabolic process","GO:0001523","false","2.617107391002803e-19","18.58217845605213","86","167","19","21110","ADH1A,ADH1B,ADH1C,ADH4,ADH5,ADH6,ADH7,ALDH1A1,ALDH1A2,ALDH1A3,AWAT2,CYP2C18,CYP3A5,DHRS3,UGT1A1,UGT1A3,UGT1A7,UGT1A8,UGT1A9"
"GO:BP","diterpenoid metabolic process","GO:0016101","false","5.321404099012033e-19","18.273973760186838","89","167","19","21110","ADH1A,ADH1B,ADH1C,ADH4,ADH5,ADH6,ADH7,ALDH1A1,ALDH1A2,ALDH1A3,AWAT2,CYP2C18,CYP3A5,DHRS3,UGT1A1,UGT1A3,UGT1A7,UGT1A8,UGT1A9"
"GO:BP","primary alcohol metabolic process","GO:0034308","false","8.596650146944184e-19","18.065670747141386","108","167","20","21110","ACSS1,ADH1A,ADH1B,ADH1C,ADH4,ADH5,ADH6,ADH7,AKR1A1,ALDH1A1,ALDH1A2,ALDH1A3,ALDH2,ALDH3B1,AWAT2,CYP2C18,CYP3A5,DHRS3,SULT1A1,SULT1A2"
"GO:BP","cellular lipid metabolic process","GO:0044255","false","1.4285466642707184e-18","17.845105568578912","1012","167","45","21110","A3GALT2,ACACB,ACSS1,ADH1A,ADH1B,ADH1C,ADH4,ADH5,ADH6,ADH7,ALDH1A1,ALDH1A2,ALDH1A3,ALDH3B1,ALG14,ALG8,ATG14,AWAT2,CYP2A13,CYP2A6,CYP2B6,CYP2C18,CYP2C19,CYP2E1,CYP3A5,DHRS3,FBXW7,GBGT1,GLT6D1,GLYATL2,MLXIPL,MPDU1,PANK2,PIGM,PRKAA2,PTGR1,PTGR2,SH3YL1,UGT1A1,UGT1A10,UGT1A3,UGT1A4,UGT1A7,UGT1A8,UGT1A9"
"GO:BP","retinoic acid metabolic process","GO:0042573","false","4.8529286438911355e-18","17.313996094382667","34","167","14","21110","ADH1A,ADH1B,ADH1C,ADH6,ADH7,ALDH1A2,ALDH1A3,CYP2C18,CYP3A5,UGT1A1,UGT1A3,UGT1A7,UGT1A8,UGT1A9"
"GO:BP","ethanol metabolic process","GO:0006067","false","8.884027883790401e-18","17.051390087026164","20","167","12","21110","ACSS1,ADH1A,ADH1B,ADH1C,ADH4,ADH5,ADH6,ADH7,ALDH2,ALDH3B1,SULT1A1,SULT1A2"
"GO:BP","response to xenobiotic stimulus","GO:0009410","false","1.2478724274406525e-17","16.903829811200474","434","167","31","21110","ACACB,ALDH3A1,BAK1,CYP2A13,CYP2A6,CYP2B6,CYP2C18,CYP2C19,CYP2E1,CYP3A5,DAD1,FMO5,GLYAT,GSTA2,GSTM3,PON3,PRKAA2,SRR,SULT1A1,SULT1A2,UGT1A1,UGT1A10,UGT1A3,UGT1A6,UGT1A7,UGT1A8,UGT1A9,UGT2B15,UGT2B17,UGT2B28,UGT2B7"
"GO:BP","hormone metabolic process","GO:0042445","false","1.6946436589388312e-17","16.77092160909875","244","167","25","21110","ADH1A,ADH1B,ADH1C,ADH4,ADH6,ADH7,ALDH1A1,ALDH1A2,ALDH1A3,AWAT2,CYP2C18,CYP3A5,DHRS3,SULT1A1,UGT1A1,UGT1A3,UGT1A7,UGT1A8,UGT1A9,UGT2B10,UGT2B15,UGT2B17,UGT2B28,UGT2B4,UGT2B7"
"GO:BP","organic hydroxy compound metabolic process","GO:1901615","false","3.2660144370604537e-16","15.485981899843738","567","167","33","21110","ACSS1,ADH1A,ADH1B,ADH1C,ADH4,ADH5,ADH6,ADH7,AKR1A1,ALDH1A1,ALDH1A2,ALDH1A3,ALDH2,ALDH3B1,ALG14,ALG8,AWAT2,CYP2C18,CYP2E1,CYP3A5,DHRS3,FMO5,LDHD,LIMA1,MPDU1,PANK2,PRKAA2,PTGR1,SULT1A1,SULT1A2,UGT1A3,UGT1A4,UGT2A1"
"GO:BP","alcohol metabolic process","GO:0006066","false","3.3423840907028085e-16","15.47594364454197","374","167","28","21110","ACSS1,ADH1A,ADH1B,ADH1C,ADH4,ADH5,ADH6,ADH7,AKR1A1,ALDH1A1,ALDH1A2,ALDH1A3,ALDH2,ALDH3B1,ALG14,ALG8,AWAT2,CYP2C18,CYP3A5,DHRS3,FMO5,LIMA1,MPDU1,PRKAA2,SULT1A1,SULT1A2,UGT1A3,UGT1A4"
"GO:BP","steroid metabolic process","GO:0008202","false","1.6234931639387947e-13","12.789549535722864","321","167","24","21110","CYP2A6,CYP2B6,CYP2C19,CYP2E1,CYP3A43,CYP3A5,FMO5,LIMA1,PANK2,PRKAA2,SULT1A1,SULT1A2,UGT1A1,UGT1A3,UGT1A4,UGT1A7,UGT1A8,UGT2A1,UGT2B10,UGT2B15,UGT2B17,UGT2B28,UGT2B4,UGT2B7"
"GO:BP","ethanol oxidation","GO:0006069","false","2.1448715823757804e-13","12.668598704754364","9","167","8","21110","ACSS1,ADH1A,ADH1B,ADH1C,ADH4,ADH5,ADH6,ADH7"
"GO:BP","retinol metabolic process","GO:0042572","false","5.966462360098524e-13","12.224283094812556","55","167","13","21110","ADH1A,ADH1B,ADH1C,ADH4,ADH6,ADH7,ALDH1A1,ALDH1A2,ALDH1A3,AWAT2,CYP2C18,CYP3A5,DHRS3"
"GO:BP","olefinic compound metabolic process","GO:0120254","false","9.977676116275356e-13","12.000970597730706","159","167","18","21110","ADH1A,ADH1B,ADH1C,ADH4,ADH6,ADH7,ALDH1A1,ALDH1A2,ALDH1A3,AWAT2,CYP2A13,CYP2A6,CYP2B6,CYP2C18,CYP2C19,CYP2E1,CYP3A5,DHRS3"
"GO:BP","estrogen metabolic process","GO:0008210","false","1.3954621477897585e-11","10.855281939346607","39","167","11","21110","CYP3A5,SULT1A1,UGT1A1,UGT1A3,UGT1A7,UGT2B10,UGT2B15,UGT2B17,UGT2B28,UGT2B4,UGT2B7"
"GO:BP","regulation of hormone levels","GO:0010817","false","3.215196138563724e-10","9.492792528401452","543","167","26","21110","ADH1A,ADH1B,ADH1C,ADH4,ADH6,ADH7,ALDH1A1,ALDH1A2,ALDH1A3,AWAT2,CYP2C18,CYP3A5,DHRS3,SULT1A1,TMF1,UGT1A1,UGT1A3,UGT1A7,UGT1A8,UGT1A9,UGT2B10,UGT2B15,UGT2B17,UGT2B28,UGT2B4,UGT2B7"
"GO:BP","fatty acid metabolic process","GO:0006631","false","1.7087918234453347e-9","8.76731084274205","399","167","22","21110","ACACB,ACSS1,ADH4,ADH5,ADH7,CYP2A13,CYP2A6,CYP2B6,CYP2C18,CYP2C19,CYP2E1,GLYATL2,MLXIPL,PANK2,PRKAA2,PTGR1,PTGR2,UGT1A1,UGT1A10,UGT1A4,UGT1A7,UGT1A8"
"GO:BP","xenobiotic glucuronidation","GO:0052697","false","2.884624413081196e-9","8.53991072529678","7","167","6","21110","UGT1A1,UGT1A3,UGT1A7,UGT1A8,UGT1A9,UGT2B28"
"GO:BP","flavonoid metabolic process","GO:0009812","false","5.217674883349972e-9","8.282522985558911","13","167","7","21110","SULT1A1,UGT1A1,UGT1A10,UGT1A3,UGT1A7,UGT1A8,UGT1A9"
"GO:BP","flavonoid glucuronidation","GO:0052696","false","5.403943172697037e-8","7.267289226621484","5","167","5","21110","UGT1A1,UGT1A3,UGT1A7,UGT1A8,UGT1A9"
"GO:BP","flavone metabolic process","GO:0051552","false","3.2216258232112927e-7","6.491924902262922","6","167","5","21110","UGT1A1,UGT1A10,UGT1A7,UGT1A8,UGT1A9"
"GO:BP","cellular aldehyde metabolic process","GO:0006081","false","3.5742668669903934e-7","6.446813024708237","70","167","10","21110","ADH4,ADH5,AKR1A1,ALDH1A1,ALDH1A2,ALDH1A3,ALDH2,ALDH3A1,ALDH3B1,ESD"
"GO:BP","xenobiotic catabolic process","GO:0042178","false","0.000001349492865297577","5.869829407194966","25","167","7","21110","CYP2A6,CYP2B6,CYP2C19,CYP3A5,GSTM3,PON3,UGT1A1"
"GO:BP","aldehyde catabolic process","GO:0046185","true","0.0000019570937879678252","5.7083883615566595","15","167","6","21110","ADH4,ADH5,AKR1A1,ALDH2,ALDH3B1,ESD"
"GO:BP","coumarin metabolic process","GO:0009804","false","0.0000029685148487077266","5.5274607743627495","8","167","5","21110","CYP2A13,CYP2A6,PON3,UGT1A7,UGT1A8"
"GO:BP","phenylpropanoid metabolic process","GO:0009698","true","0.0000029685148487077266","5.5274607743627495","8","167","5","21110","CYP2A13,CYP2A6,PON3,UGT1A7,UGT1A8"
"GO:BP","cellular detoxification of aldehyde","GO:0110095","false","0.0000066364529931157606","5.178063977425246","9","167","5","21110","ADH4,ADH5,AKR1A1,ALDH1A1,ESD"
"GO:BP","epoxygenase P450 pathway","GO:0019373","false","0.000010334850084134546","4.985695818804989","19","167","6","21110","CYP2A13,CYP2A6,CYP2B6,CYP2C18,CYP2C19,CYP2E1"
"GO:BP","ethanol catabolic process","GO:0006068","false","0.00004092002755005118","4.388064082564199","12","167","5","21110","ADH7,ALDH2,ALDH3B1,SULT1A1,SULT1A2"
"GO:BP","cellular response to chemical stimulus","GO:0070887","false","0.00007856548599821857","4.104768198648178","2722","167","48","21110","A3GALT2,ABCG2,ADH4,ADH5,AKR1A1,ALDH1A1,ALDH1A2,ALDH3A1,ALDH3B1,BAK1,CYP2A13,CYP2A6,CYP2B6,CYP2C18,CYP2C19,CYP2E1,CYP3A5,DAB2IP,ESD,FBXW7,FMO5,FOXP1,GLYAT,GSTA2,GSTM3,HBA2,MGST1,MLXIPL,NFAT5,PKLR,PON3,PRKAA2,SH3BP4,SULT1A1,SULT1A2,TMF1,UGT1A1,UGT1A10,UGT1A3,UGT1A6,UGT1A7,UGT1A8,UGT1A9,UGT2B15,UGT2B17,UGT2B28,UGT2B7,UGT3A2"
"GO:BP","small molecule catabolic process","GO:0044282","false","0.00011177599068934805","3.9516514722180567","379","167","16","21110","ACACB,ADH4,ADH5,ADH7,ADHFE1,AKR1A1,ALDH2,ALDH3B1,ALDH6A1,ESD,GLYATL2,LDHD,PGD,PON3,SULT1A1,SULT1A2"
"GO:BP","primary alcohol catabolic process","GO:0034310","false","0.00015220011317720116","3.8175850246205334","15","167","5","21110","ADH7,ALDH2,ALDH3B1,SULT1A1,SULT1A2"
"GO:BP","cellular catabolic process","GO:0044248","false","0.00015575046807092134","3.807570639498245","1513","167","33","21110","ACACB,ADH4,ADH5,ADHFE1,AKR1A1,ALDH2,ALDH3B1,ALDH6A1,ATG101,ATG14,CYP2A6,CYP2B6,CYP2C19,CYP3A5,EEF1A2,EIF4G1,ESD,FBXW7,GLYATL2,GSTM3,HBA2,HGS,LDHD,MLXIPL,PGD,PON3,PRKAA2,SH3BP4,SND1,TENT2,TNRC6B,UGT1A1,UGT1A4"
"GO:BP","cellular response to aldehyde","GO:0110096","false","0.00030963111060375737","3.509155409472538","17","167","5","21110","ADH4,ADH5,AKR1A1,ALDH1A1,ESD"
"GO:BP","cellular metabolic process","GO:0044237","false","0.00037936710222232704","3.4209403327588297","11477","167","123","21110","A3GALT2,ABCG2,ACACB,ACSS1,ADH1A,ADH1B,ADH1C,ADH4,ADH5,ADH6,ADH7,ADHFE1,AKR1A1,ALDH1A1,ALDH1A2,ALDH1A3,ALDH2,ALDH3A1,ALDH3B1,ALDH6A1,ALG14,ALG8,ARID4A,ASL,ATG101,ATG14,AWAT2,BAK1,BID,CYP2A13,CYP2A6,CYP2B6,CYP2C18,CYP2C19,CYP2E1,CYP3A5,DAB2IP,DDX6,DHRS3,EEF1A2,EEF1D,EIF4G1,ERCC2,ESD,FBXW7,FMO3,FMO5,FOXP1,GABPB1,GBGT1,GIT2,GLT6D1,GLYAT,GLYATL2,GSTA2,GSTM3,HBA2,HGS,HIPK3,KAT6A,KPNA6,LDHAL6A,LDHD,LRRFIP1,MLX,MLXIPL,MPDU1,MPG,NEK6,NF1,NFAT5,NR1I3,NR2C2,PANK2,PGD,PGM2,PIAS1,PIGM,PKLR,POFUT1,PON3,PPM1G,PPP4C,PRDM10,PRKAA2,PTGR1,PTGR2,SECISBP2L,SH3BP4,SH3YL1,SND1,SNRPC,SPAG8,SRR,STK17A,SULT1A1,SULT1A2,TENT2,TMF1,TNRC6B,TRMT6,UGT1A1,UGT1A10,UGT1A3,UGT1A4,UGT1A5,UGT1A6,UGT1A7,UGT1A8,UGT1A9,UGT2A1,UGT2A3,UGT2B10,UGT2B15,UGT2B17,UGT2B28,UGT2B4,UGT2B7,XYLT1,ZBTB18,ZBTB21,ZNF131,ZNF608"
"GO:BP","cellular detoxification","GO:1990748","true","0.00042442591866083016","3.37219810265083","110","167","9","21110","ABCG2,ADH4,ADH5,AKR1A1,ALDH1A1,ESD,GSTM3,HBA2,MGST1"
"GO:BP","response to toxic substance","GO:0009636","false","0.0006944099352114104","3.158384074155549","234","167","12","21110","ABCG2,ADH4,ADH5,AKR1A1,ALDH1A1,BAK1,ESD,GLYAT,GSTM3,HBA2,MGST1,PON3"
"GO:BP","cellular response to toxic substance","GO:0097237","false","0.0008320663339509128","3.0798420495260066","119","167","9","21110","ABCG2,ADH4,ADH5,AKR1A1,ALDH1A1,ESD,GSTM3,HBA2,MGST1"
"GO:BP","secondary metabolic process","GO:0019748","false","0.000859362409208245","3.0658236474295","60","167","7","21110","AKR1A1,CYP2A13,CYP2A6,CYP3A5,PON3,UGT1A7,UGT1A8"
"GO:BP","regulation of glucuronosyltransferase activity","GO:1904223","false","0.0009005581581977913","3.045488235127863","3","167","3","21110","UGT1A1,UGT1A10,UGT1A4"
"GO:BP","formaldehyde catabolic process","GO:0046294","false","0.0009005581581977913","3.045488235127863","3","167","3","21110","ADH4,ADH5,ESD"
"GO:BP","negative regulation of glucuronosyltransferase activity","GO:1904224","true","0.0009005581581977913","3.045488235127863","3","167","3","21110","UGT1A1,UGT1A10,UGT1A4"
"GO:BP","negative regulation of cellular glucuronidation","GO:2001030","false","0.0009005581581977913","3.045488235127863","3","167","3","21110","UGT1A1,UGT1A10,UGT1A4"
"GO:BP","alcohol catabolic process","GO:0046164","false","0.001090263171728637","2.962468657807933","39","167","6","21110","ADH4,ADH7,ALDH2,ALDH3B1,SULT1A1,SULT1A2"
"GO:BP","carbohydrate metabolic process","GO:0005975","true","0.0011929743393280666","2.9233688978284658","569","167","18","21110","A3GALT2,ABO,ACACB,AKR1A1,ALDH2,GBGT1,GLT6D1,MLXIPL,MPDU1,PGD,PGM2,PKLR,POFUT1,PRKAA2,SLC35A2,UGT1A1,UGT1A10,UGT1A4"
"GO:BP","organic hydroxy compound catabolic process","GO:1901616","false","0.001206850576806746","2.9183464976619353","63","167","7","21110","ADH4,ADH7,ALDH2,ALDH3B1,LDHD,SULT1A1,SULT1A2"
"GO:BP","detoxification","GO:0098754","false","0.0025676637785703805","2.5904618453506","136","167","9","21110","ABCG2,ADH4,ADH5,AKR1A1,ALDH1A1,ESD,GSTM3,HBA2,MGST1"
"GO:BP","catabolic process","GO:0009056","false","0.0029430523263729567","2.5312020162377964","2601","167","43","21110","ACACB,ADH4,ADH5,ADH7,ADHFE1,AKR1A1,ALDH1A1,ALDH2,ALDH3B1,ALDH6A1,ATG101,ATG14,CYP2A6,CYP2B6,CYP2C19,CYP3A5,DAB2IP,EEF1A2,EIF4G1,ESD,FBXW7,GLYATL2,GSTM3,HBA2,HGS,LDHD,MLXIPL,PGD,PGM2,PIAS1,PKLR,PLCXD2,PON3,PRKAA2,SH3BP4,SND1,SULT1A1,SULT1A2,TENT2,TMF1,TNRC6B,UGT1A1,UGT1A4"
"GO:BP","formaldehyde metabolic process","GO:0046292","false","0.0035812408000421535","2.4459664763593363","4","167","3","21110","ADH4,ADH5,ESD"
"GO:BP","regulation of cellular glucuronidation","GO:2001029","false","0.0035812408000421535","2.4459664763593363","4","167","3","21110","UGT1A1,UGT1A10,UGT1A4"
"GO:BP","organic acid biosynthetic process","GO:0016053","false","0.00384622744141219","2.414965037926529","326","167","13","21110","ACACB,ACSS1,AKR1A1,ALDH1A1,ALDH1A2,ALDH1A3,ASL,CYP2E1,FMO3,MLXIPL,PKLR,PRKAA2,SRR"
"GO:BP","liver development","GO:0001889","true","0.004632590615587636","2.33417607692762","146","167","9","21110","ALDH1A2,FBXW7,NF1,UGT1A1,UGT1A10,UGT1A6,UGT1A7,UGT1A8,UGT1A9"
"GO:BP","long-chain fatty acid metabolic process","GO:0001676","false","0.005310369444261159","2.274875263848349","111","167","8","21110","CYP2A13,CYP2A6,CYP2B6,CYP2C18,CYP2C19,CYP2E1,GLYATL2,PTGR1"
"GO:BP","hepaticobiliary system development","GO:0061008","false","0.005480192109071462","2.2612042169814552","149","167","9","21110","ALDH1A2,FBXW7,NF1,UGT1A1,UGT1A10,UGT1A6,UGT1A7,UGT1A8,UGT1A9"
"GO:BP","generation of precursor metabolites and energy","GO:0006091","false","0.005557151143979305","2.255147791067145","449","167","15","21110","ACSS1,ADH1A,ADH1B,ADH1C,ADH4,ADH5,ADH6,ADH7,ALDH2,BID,DHRS3,MLXIPL,PANK2,PGD,PGM2"
"GO:BP","unsaturated fatty acid metabolic process","GO:0033559","false","0.005680743455165048","2.2455948232068006","112","167","8","21110","CYP2A13,CYP2A6,CYP2B6,CYP2C18,CYP2C19,CYP2E1,PTGR1,PTGR2"
"GO:BP","icosanoid metabolic process","GO:0006690","false","0.010759835758494984","1.9681943578261092","122","167","8","21110","CYP2A13,CYP2A6,CYP2B6,CYP2C18,CYP2C19,CYP2E1,PTGR1,PTGR2"
"GO:BP","arachidonic acid metabolic process","GO:0019369","false","0.010780974149611225","1.967341995300829","57","167","6","21110","CYP2A13,CYP2A6,CYP2B6,CYP2C18,CYP2C19,CYP2E1"
"GO:BP","regulation of fatty acid metabolic process","GO:0019217","false","0.014666505101006705","1.8336733623785475","91","167","7","21110","ACACB,MLXIPL,PANK2,UGT1A1,UGT1A10,UGT1A4,UGT1A8"
"GO:BP","cellular ketone metabolic process","GO:0042180","false","0.016532662770049635","1.7816571928165474","216","167","10","21110","ACACB,ADH4,AKR1A1,CYP2B6,MLXIPL,PANK2,UGT1A1,UGT1A10,UGT1A4,UGT1A8"
"GO:BP","negative regulation of fatty acid metabolic process","GO:0045922","false","0.016704675803859877","1.7771619485179755","36","167","5","21110","ACACB,UGT1A1,UGT1A10,UGT1A4,UGT1A8"
"GO:BP","carboxylic acid biosynthetic process","GO:0046394","false","0.01965028445631243","1.70663115842277","323","167","12","21110","ACACB,ACSS1,AKR1A1,ALDH1A1,ALDH1A2,ALDH1A3,ASL,CYP2E1,MLXIPL,PKLR,PRKAA2,SRR"
"GO:BP","organic substance catabolic process","GO:1901575","false","0.021335469965435165","1.6708977863107752","2157","167","36","21110","ACACB,ADH4,ADH5,ADH7,ADHFE1,AKR1A1,ALDH1A1,ALDH2,ALDH3B1,ALDH6A1,CYP2A6,CYP3A5,DAB2IP,EEF1A2,ESD,FBXW7,GLYATL2,HBA2,HGS,LDHD,MLXIPL,PGD,PGM2,PIAS1,PKLR,PLCXD2,PON3,PRKAA2,SND1,SULT1A1,SULT1A2,TENT2,TMF1,TNRC6B,UGT1A1,UGT1A4"
"GO:BP","response to chemical","GO:0042221","false","0.024482156769148652","1.6111503254284198","4124","167","56","21110","A3GALT2,ABCG2,ACACB,ADH4,ADH5,ADH6,ADH7,AKR1A1,ALDH1A1,ALDH1A2,ALDH3A1,ALDH3B1,BAK1,CYP2A13,CYP2A6,CYP2B6,CYP2C18,CYP2C19,CYP2E1,CYP3A5,DAB2IP,DAD1,EIF4G1,ESD,FBXW7,FMO5,FOXP1,GLYAT,GSTA2,GSTM3,HBA2,MGST1,MLXIPL,NFAT5,PKLR,PON3,PRKAA2,PTGR1,RFTN2,SH3BP4,SRR,SULT1A1,SULT1A2,TMF1,UGT1A1,UGT1A10,UGT1A3,UGT1A6,UGT1A7,UGT1A8,UGT1A9,UGT2B15,UGT2B17,UGT2B28,UGT2B7,UGT3A2"
"GO:BP","fatty acid omega-oxidation","GO:0010430","true","0.03079160137045953","1.5115677242741556","7","167","3","21110","ADH4,ADH5,ADH7"
"GO:BP","regulation of lipid metabolic process","GO:0019216","false","0.03469145655583415","1.4597774654827733","342","167","12","21110","ACACB,ATG14,DAB2IP,EEF1A2,FBXW7,FMO5,MLXIPL,PANK2,UGT1A1,UGT1A10,UGT1A4,UGT1A8"
"GO:BP","negative regulation of lipid metabolic process","GO:0045833","false","0.03532207134366473","1.4519538366135236","104","167","7","21110","ACACB,DAB2IP,FBXW7,UGT1A1,UGT1A10,UGT1A4,UGT1A8"
"GO:BP","organonitrogen compound biosynthetic process","GO:1901566","true","0.04803376415093486","1.318453378675944","1789","167","31","21110","A3GALT2,ACACB,ACSS1,AKR1A1,ALDH1A1,ALDH2,ALDH3B1,ALG14,ALG8,ASL,ATG101,DAD1,DDX6,EEF1A2,EEF1D,EIF4G1,FMO3,GBGT1,MPDU1,PANK2,PGM2,PIGM,PKLR,POFUT1,SECISBP2L,SRR,STT3A,SULT1A2,TENT2,TNRC6B,XYLT1"
"GO:CC","cytoplasm","GO:0005737","true","1.4815297522617509e-13","12.829289622541433","12365","171","145","22122","A3GALT2,ABCG2,ACACB,ACSS1,ADGRE5,ADH1A,ADH1B,ADH1C,ADH4,ADH5,ADH6,ADH7,ADHFE1,AKR1A1,ALDH1A1,ALDH1A2,ALDH1A3,ALDH2,ALDH3A1,ALDH3B1,ALDH6A1,ALG14,ALG8,ARHGAP15,ARID4A,ASL,ATG101,ATG14,ATP2A1,AWAT2,BAK1,BID,C1ORF109,CEP63,CEP85L,CYP2A13,CYP2A6,CYP2B6,CYP2C18,CYP2C19,CYP2E1,CYP3A43,CYP3A5,DAB2IP,DAD1,DDX55,DDX6,DHRS3,DYM,EEF1A2,EEF1D,EIF4G1,ERCC2,ESD,FBXW7,FMO3,FMO5,FOXP1,GABPB1,GBGT1,GLT6D1,GLYAT,GLYATL2,GLYATL3,GSTA2,GSTM3,HBA2,HGS,HIPK3,KAT6A,KIFC2,KIFC3,KPNA5,KPNA6,LDHAL6A,LDHD,LIMA1,LRRFIP1,MGST1,MLX,MLXIPL,MNS1,MPDU1,MPG,NAIF1,NCKAP5L,NEK6,NF1,NFAT5,NIP7,NKTR,NR1I3,OFD1,PANK2,PCMTD1,PGD,PGM2,PHYHIP,PIGM,PKLR,POFUT1,PON3,PPM1G,PPP4C,PRKAA2,PTGR1,PTGR2,RABGAP1L,SAR1A,SENP7,SERGEF,SH3BP4,SLC35A2,SND1,SPAG8,SRR,STT3A,SULT1A1,SULT1A2,TENT2,TMF1,TNRC6B,TPT1,TRAPPC14,TUBB8,UGT1A1,UGT1A10,UGT1A3,UGT1A4,UGT1A5,UGT1A6,UGT1A7,UGT1A8,UGT1A9,UGT2A1,UGT2B10,UGT2B15,UGT2B17,UGT2B28,UGT2B4,UGT2B7,UGT3A2,VPS13B,XYLT1,ZBTB21"
"GO:CC","endoplasmic reticulum membrane","GO:0005789","false","3.7204385754517375e-13","12.42940586128167","1180","171","40","22122","ALG14,ALG8,ATG101,ATG14,ATP2A1,AWAT2,CYP2A13,CYP2A6,CYP2B6,CYP2C18,CYP2C19,CYP2E1,CYP3A43,CYP3A5,DAD1,DHRS3,FMO3,FMO5,MGST1,MPDU1,PIGM,PON3,STT3A,UGT1A1,UGT1A10,UGT1A3,UGT1A4,UGT1A5,UGT1A6,UGT1A7,UGT1A8,UGT1A9,UGT2A1,UGT2B10,UGT2B15,UGT2B17,UGT2B28,UGT2B4,UGT2B7,UGT3A2"
"GO:CC","endoplasmic reticulum subcompartment","GO:0098827","false","4.16685275992608e-13","12.38019184551858","1184","171","40","22122","ALG14,ALG8,ATG101,ATG14,ATP2A1,AWAT2,CYP2A13,CYP2A6,CYP2B6,CYP2C18,CYP2C19,CYP2E1,CYP3A43,CYP3A5,DAD1,DHRS3,FMO3,FMO5,MGST1,MPDU1,PIGM,PON3,STT3A,UGT1A1,UGT1A10,UGT1A3,UGT1A4,UGT1A5,UGT1A6,UGT1A7,UGT1A8,UGT1A9,UGT2A1,UGT2B10,UGT2B15,UGT2B17,UGT2B28,UGT2B4,UGT2B7,UGT3A2"
"GO:CC","nuclear outer membrane-endoplasmic reticulum membrane network","GO:0042175","false","7.092102848693056e-13","12.149224974947037","1203","171","40","22122","ALG14,ALG8,ATG101,ATG14,ATP2A1,AWAT2,CYP2A13,CYP2A6,CYP2B6,CYP2C18,CYP2C19,CYP2E1,CYP3A43,CYP3A5,DAD1,DHRS3,FMO3,FMO5,MGST1,MPDU1,PIGM,PON3,STT3A,UGT1A1,UGT1A10,UGT1A3,UGT1A4,UGT1A5,UGT1A6,UGT1A7,UGT1A8,UGT1A9,UGT2A1,UGT2B10,UGT2B15,UGT2B17,UGT2B28,UGT2B4,UGT2B7,UGT3A2"
"GO:CC","organelle subcompartment","GO:0031984","false","1.0690319334823678e-11","10.971009321612511","1506","171","43","22122","A3GALT2,ALG14,ALG8,ATG101,ATG14,ATP2A1,AWAT2,CYP2A13,CYP2A6,CYP2B6,CYP2C18,CYP2C19,CYP2E1,CYP3A43,CYP3A5,DAD1,DHRS3,FMO3,FMO5,MGST1,MPDU1,PIGM,PON3,STT3A,UGT1A1,UGT1A10,UGT1A3,UGT1A4,UGT1A5,UGT1A6,UGT1A7,UGT1A8,UGT1A9,UGT2A1,UGT2B10,UGT2B15,UGT2B17,UGT2B28,UGT2B4,UGT2B7,UGT3A2,VPS13B,XYLT1"
"GO:CC","endoplasmic reticulum","GO:0005783","false","2.798131022256866e-11","10.553131953564376","2059","171","50","22122","ALDH3A1,ALG14,ALG8,ATG101,ATG14,ATP2A1,AWAT2,BAK1,CYP2A13,CYP2A6,CYP2B6,CYP2C18,CYP2C19,CYP2E1,CYP3A43,CYP3A5,DAD1,DHRS3,EEF1D,ESD,FBXW7,FMO3,FMO5,GLYATL2,MGST1,MPDU1,PIGM,POFUT1,PON3,SAR1A,SLC35A2,STT3A,TMF1,UGT1A1,UGT1A10,UGT1A3,UGT1A4,UGT1A5,UGT1A6,UGT1A7,UGT1A8,UGT1A9,UGT2A1,UGT2B10,UGT2B15,UGT2B17,UGT2B28,UGT2B4,UGT2B7,UGT3A2"
"GO:CC","endomembrane system","GO:0012505","false","0.000002338262620038695","5.6311067130080374","4776","171","70","22122","A3GALT2,ADGRE5,ALDH3A1,ALDH3B1,ALG14,ALG8,ATG101,ATG14,ATP2A1,AWAT2,BAK1,CYP2A13,CYP2A6,CYP2B6,CYP2C18,CYP2C19,CYP2E1,CYP3A43,CYP3A5,DAD1,DHRS3,DYM,EEF1D,ESD,FAM156B,FBXW7,FMO3,FMO5,GBGT1,GLT6D1,GLYATL2,HGS,KIFC3,MGST1,MLX,MNS1,MPDU1,PGM2,PIGM,POFUT1,PON3,PRKAA2,RABGAP1L,SAR1A,SH3BP4,SLC35A2,SPAG8,STT3A,TMF1,TPT1,TRAPPC14,UGT1A1,UGT1A10,UGT1A3,UGT1A4,UGT1A5,UGT1A6,UGT1A7,UGT1A8,UGT1A9,UGT2A1,UGT2B10,UGT2B15,UGT2B17,UGT2B28,UGT2B4,UGT2B7,UGT3A2,VPS13B,XYLT1"
"GO:CC","organelle membrane","GO:0031090","false","0.000004384356827185633","5.3580941074043","3728","171","59","22122","A3GALT2,ABCG2,ACACB,ADGRE5,ALDH3B1,ALG14,ALG8,ATG101,ATG14,ATP2A1,AWAT2,BAK1,BID,CYP2A13,CYP2A6,CYP2B6,CYP2C18,CYP2C19,CYP2E1,CYP3A43,CYP3A5,DAD1,DHRS3,EEF1A2,FMO3,FMO5,GBGT1,HGS,KIFC3,LDHD,MGST1,MLX,MPDU1,PIGM,PON3,SAR1A,SLC35A2,SLC5A6,STT3A,TMF1,UGT1A1,UGT1A10,UGT1A3,UGT1A4,UGT1A5,UGT1A6,UGT1A7,UGT1A8,UGT1A9,UGT2A1,UGT2B10,UGT2B15,UGT2B17,UGT2B28,UGT2B4,UGT2B7,UGT3A2,VPS13B,XYLT1"
"GO:CC","membrane-bounded organelle","GO:0043227","false","0.00011722754642700958","3.930970324703956","15705","171","149","22122","A3GALT2,ABCG2,ACACB,ACSS1,ADGRE5,ADH1A,ADH1B,ADH1C,ADH4,ADH5,ADH6,ADHFE1,AKR1A1,ALDH1A1,ALDH1A3,ALDH2,ALDH3A1,ALDH3B1,ALDH6A1,ALG14,ALG8,ARID4A,ASL,ATG101,ATG14,ATP2A1,AWAT2,BAK1,BID,C1ORF109,CYP2A13,CYP2A6,CYP2B6,CYP2C18,CYP2C19,CYP2E1,CYP3A43,CYP3A5,DAB2IP,DAD1,DDX55,DDX6,DHRS3,DYM,EEF1A2,EEF1D,EIF4G1,ERCC2,ESD,FAM156B,FBXW7,FMO3,FMO5,FNBP4,FOXP1,GABPB1,GBGT1,GIT2,GLT6D1,GLYAT,GLYATL2,GLYATL3,GSTA2,GSTM3,HBA2,HGS,HIPK3,HSD11B1L,KAT6A,KIFC2,KIFC3,KPNA5,KPNA6,LDHAL6A,LDHD,LRRFIP1,MASP2,MGST1,MIPOL1,MLX,MLXIPL,MNS1,MPDU1,MPG,NAIF1,NEK6,NF1,NFAT5,NIP7,NKTR,NR1I3,NR2C2,OFD1,PANK2,PGD,PGM2,PIAS1,PIGM,PKLR,PLCXD2,POFUT1,PON3,PPM1G,PPP4C,PRDM10,PRKAA2,PTGR1,RABGAP1L,SAR1A,SENP7,SERGEF,SH3BP4,SLC35A2,SLC5A6,SND1,SNRPC,SPAG8,STK17A,STT3A,TENT2,TMF1,TNRC6B,TPT1,TRAPPC14,TRMT6,TUBB8,UGT1A1,UGT1A10,UGT1A3,UGT1A4,UGT1A5,UGT1A6,UGT1A7,UGT1A8,UGT1A9,UGT2A1,UGT2B10,UGT2B15,UGT2B17,UGT2B28,UGT2B4,UGT2B7,UGT3A2,VPS13B,XYLT1,ZBTB18,ZBTB21,ZNF131,ZNF608"
"GO:CC","intracellular anatomical structure","GO:0005622","false","0.000140578640547277","3.8520806608036495","17883","171","161","22122","A3GALT2,ABCG2,ACACB,ACSS1,ADGRE5,ADH1A,ADH1B,ADH1C,ADH4,ADH5,ADH6,ADH7,ADHFE1,AKR1A1,ALDH1A1,ALDH1A2,ALDH1A3,ALDH2,ALDH3A1,ALDH3B1,ALDH6A1,ALG14,ALG8,ARHGAP15,ARID4A,ASL,ATG101,ATG14,ATP2A1,AWAT2,BAK1,BID,C1ORF109,CEP63,CEP85L,CYP2A13,CYP2A6,CYP2B6,CYP2C18,CYP2C19,CYP2E1,CYP3A43,CYP3A5,DAB2IP,DAD1,DDX55,DDX6,DHRS3,DYM,EEF1A2,EEF1D,EIF4G1,ERCC2,ESD,FAM156B,FBXW7,FMO3,FMO5,FNBP4,FOXP1,GABPB1,GBGT1,GIT2,GLT6D1,GLYAT,GLYATL2,GLYATL3,GSTA2,GSTM3,HBA2,HGS,HIPK3,HSD11B1L,KAT6A,KIFC2,KIFC3,KPNA5,KPNA6,LDHAL6A,LDHD,LIMA1,LRRFIP1,MGST1,MIPOL1,MLX,MLXIPL,MNS1,MPDU1,MPG,NAIF1,NCKAP5L,NEK6,NF1,NFAT5,NIP7,NKTR,NR1I3,NR2C2,OFD1,PANK2,PCMTD1,PGD,PGM2,PHYHIP,PIAS1,PIGM,PKLR,PLCXD2,POFUT1,PON3,PPM1G,PPP4C,PRDM10,PRKAA2,PTGR1,PTGR2,RABGAP1L,SAR1A,SENP7,SERGEF,SH3BP4,SLC35A2,SND1,SNRPC,SPAG8,SRR,STK17A,STT3A,SULT1A1,SULT1A2,TANC2,TENT2,TMF1,TNRC6B,TPT1,TRAPPC14,TRMT6,TUBB8,UGT1A1,UGT1A10,UGT1A3,UGT1A4,UGT1A5,UGT1A6,UGT1A7,UGT1A8,UGT1A9,UGT2A1,UGT2B10,UGT2B15,UGT2B17,UGT2B28,UGT2B4,UGT2B7,UGT3A2,VPS13B,XYLT1,ZBTB18,ZBTB21,ZNF131,ZNF608"
"GO:CC","organelle","GO:0043226","false","0.0006866244106712493","3.163280760724758","16842","171","154","22122","A3GALT2,ABCG2,ACACB,ACSS1,ADGRE5,ADH1A,ADH1B,ADH1C,ADH4,ADH5,ADH6,ADHFE1,AKR1A1,ALDH1A1,ALDH1A3,ALDH2,ALDH3A1,ALDH3B1,ALDH6A1,ALG14,ALG8,ARID4A,ASL,ATG101,ATG14,ATP2A1,AWAT2,BAK1,BID,C1ORF109,CEP63,CEP85L,CYP2A13,CYP2A6,CYP2B6,CYP2C18,CYP2C19,CYP2E1,CYP3A43,CYP3A5,DAB2IP,DAD1,DDX55,DDX6,DHRS3,DYM,EEF1A2,EEF1D,EIF4G1,ERCC2,ESD,FAM156B,FBXW7,FMO3,FMO5,FNBP4,FOXP1,GABPB1,GBGT1,GIT2,GLT6D1,GLYAT,GLYATL2,GLYATL3,GSTA2,GSTM3,HBA2,HGS,HIPK3,HSD11B1L,KAT6A,KIFC2,KIFC3,KPNA5,KPNA6,LDHAL6A,LDHD,LIMA1,LRRFIP1,MASP2,MGST1,MIPOL1,MLX,MLXIPL,MNS1,MPDU1,MPG,NAIF1,NCKAP5L,NEK6,NF1,NFAT5,NIP7,NKTR,NR1I3,NR2C2,OFD1,PANK2,PGD,PGM2,PIAS1,PIGM,PKLR,PLCXD2,POFUT1,PON3,PPM1G,PPP4C,PRDM10,PRKAA2,PTGR1,RABGAP1L,SAR1A,SENP7,SERGEF,SH3BP4,SLC35A2,SLC5A6,SND1,SNRPC,SPAG8,STK17A,STT3A,TANC2,TENT2,TMF1,TNRC6B,TPT1,TRAPPC14,TRMT6,TUBB8,UGT1A1,UGT1A10,UGT1A3,UGT1A4,UGT1A5,UGT1A6,UGT1A7,UGT1A8,UGT1A9,UGT2A1,UGT2B10,UGT2B15,UGT2B17,UGT2B28,UGT2B4,UGT2B7,UGT3A2,VPS13B,XYLT1,ZBTB18,ZBTB21,ZNF131,ZNF608"
"GO:CC","cytosol","GO:0005829","false","0.0024225520418797927","2.6157268845523447","5453","171","68","22122","ACACB,ADH1A,ADH1B,ADH1C,ADH4,ADH5,ADH6,ADH7,AKR1A1,ALDH1A1,ALDH1A2,ALDH1A3,ALDH3A1,ALDH3B1,ARHGAP15,ARID4A,ASL,ATG101,ATG14,BAK1,BID,C1ORF109,CEP63,DAB2IP,DDX55,DDX6,EEF1D,EIF4G1,ERCC2,ESD,FBXW7,FMO5,GSTA2,GSTM3,HBA2,HGS,HIPK3,KAT6A,KPNA5,KPNA6,LIMA1,LRRFIP1,MLX,MLXIPL,MPG,NAIF1,NEK6,NF1,NFAT5,NIP7,NR1I3,OFD1,PANK2,PGD,PGM2,PKLR,PPP4C,PRKAA2,SERGEF,SND1,SRR,SULT1A1,SULT1A2,TENT2,TMF1,TNRC6B,TPT1,ZBTB21"
"GO:CC","membrane","GO:0016020","false","0.004111840344593319","2.3859637565634215","9878","171","104","22122","A3GALT2,ABCG2,ABO,ACACB,ADGRE5,ADH1A,ADH1B,ADH1C,ADH7,AKR1A1,ALDH3A1,ALDH3B1,ALG14,ALG8,ARHGAP15,ARID4A,ATG101,ATG14,ATP2A1,AWAT2,BAK1,BID,CYP2A13,CYP2A6,CYP2B6,CYP2C18,CYP2C19,CYP2E1,CYP3A43,CYP3A5,DAB2IP,DAD1,DDX55,DDX6,DHRS3,DYM,EEF1A2,EIF4G1,EVI2A,FAM156B,FMO3,FMO5,GBGT1,GLT6D1,HBA2,HGS,HIPK3,KIFC3,KPNA6,LDHD,LIMA1,LRRFIP1,MGST1,MLX,MPDU1,MPG,NAIF1,NF1,NFAT5,NKTR,OFD1,PANK2,PCMTD1,PIGM,POFUT1,PON3,PPM1G,PPP4C,RABGAP1L,RFTN2,SAR1A,SH3BP4,SH3YL1,SLC35A2,SLC5A6,SND1,SPAG8,SRR,STK17A,STT3A,TMEM267,TMF1,TRAPPC14,UGT1A1,UGT1A10,UGT1A3,UGT1A4,UGT1A5,UGT1A6,UGT1A7,UGT1A8,UGT1A9,UGT2A1,UGT2A3,UGT2B10,UGT2B15,UGT2B17,UGT2B28,UGT2B4,UGT2B7,UGT3A2,VPS13B,VSIG10,XYLT1"
"GO:CC","intracellular membrane-bounded organelle","GO:0043231","false","0.011423778553348677","1.9421902241595363","14642","171","137","22122","A3GALT2,ABCG2,ACACB,ACSS1,ADGRE5,ADH1A,ADH1B,ADH1C,ADH4,ADH5,ADHFE1,ALDH2,ALDH3A1,ALDH3B1,ALDH6A1,ALG14,ALG8,ARID4A,ATG101,ATG14,ATP2A1,AWAT2,BAK1,BID,C1ORF109,CYP2A13,CYP2A6,CYP2B6,CYP2C18,CYP2C19,CYP2E1,CYP3A43,CYP3A5,DAB2IP,DAD1,DDX55,DDX6,DHRS3,DYM,EEF1A2,EEF1D,EIF4G1,ERCC2,ESD,FAM156B,FBXW7,FMO3,FMO5,FNBP4,FOXP1,GABPB1,GBGT1,GIT2,GLT6D1,GLYAT,GLYATL2,GLYATL3,GSTM3,HBA2,HGS,HIPK3,HSD11B1L,KAT6A,KIFC2,KIFC3,KPNA5,KPNA6,LDHD,LRRFIP1,MGST1,MIPOL1,MLX,MLXIPL,MNS1,MPDU1,MPG,NAIF1,NEK6,NF1,NFAT5,NIP7,NKTR,NR1I3,NR2C2,OFD1,PANK2,PGD,PGM2,PIAS1,PIGM,PLCXD2,POFUT1,PON3,PPM1G,PPP4C,PRDM10,PRKAA2,RABGAP1L,SAR1A,SENP7,SERGEF,SH3BP4,SLC35A2,SND1,SNRPC,SPAG8,STK17A,STT3A,TENT2,TMF1,TNRC6B,TPT1,TRAPPC14,TRMT6,UGT1A1,UGT1A10,UGT1A3,UGT1A4,UGT1A5,UGT1A6,UGT1A7,UGT1A8,UGT1A9,UGT2A1,UGT2B10,UGT2B15,UGT2B17,UGT2B28,UGT2B4,UGT2B7,UGT3A2,VPS13B,XYLT1,ZBTB18,ZBTB21,ZNF131,ZNF608"
"KEGG","Drug metabolism - cytochrome P450","KEGG:00982","false","2.6431008009285052e-50","49.577886273700585","68","106","36","8161","ADH1A,ADH1B,ADH1C,ADH4,ADH5,ADH6,ADH7,ALDH3A1,ALDH3B1,CYP2A6,CYP2B6,CYP2C19,CYP2E1,CYP3A5,FMO3,FMO5,GSTA2,GSTM3,MGST1,UGT1A1,UGT1A10,UGT1A3,UGT1A4,UGT1A5,UGT1A6,UGT1A7,UGT1A8,UGT1A9,UGT2A1,UGT2A3,UGT2B10,UGT2B15,UGT2B17,UGT2B28,UGT2B4,UGT2B7"
"KEGG","Metabolism of xenobiotics by cytochrome P450","KEGG:00980","false","1.758337545482241e-46","45.75489775038358","74","106","35","8161","ADH1A,ADH1B,ADH1C,ADH4,ADH5,ADH6,ADH7,ALDH3A1,ALDH3B1,CYP2A13,CYP2A6,CYP2B6,CYP2E1,CYP3A5,GSTA2,GSTM3,HSD11B1L,MGST1,UGT1A1,UGT1A10,UGT1A3,UGT1A4,UGT1A5,UGT1A6,UGT1A7,UGT1A8,UGT1A9,UGT2A1,UGT2A3,UGT2B10,UGT2B15,UGT2B17,UGT2B28,UGT2B4,UGT2B7"
"KEGG","Retinol metabolism","KEGG:00830","false","3.9960827056951623e-44","43.39836553189367","68","106","33","8161","ADH1A,ADH1B,ADH1C,ADH4,ADH5,ADH6,ADH7,ALDH1A1,ALDH1A2,ALDH1A3,AWAT2,CYP2A6,CYP2B6,CYP2C18,CYP3A5,DHRS3,UGT1A1,UGT1A10,UGT1A3,UGT1A4,UGT1A5,UGT1A6,UGT1A7,UGT1A8,UGT1A9,UGT2A1,UGT2A3,UGT2B10,UGT2B15,UGT2B17,UGT2B28,UGT2B4,UGT2B7"
"KEGG","Chemical carcinogenesis - DNA adducts","KEGG:05204","false","1.4693880656467568e-36","35.832863491812184","67","106","29","8161","CYP2A13,CYP2A6,CYP2C18,CYP2C19,CYP2E1,CYP3A43,CYP3A5,GSTA2,GSTM3,HSD11B1L,MGST1,SULT1A2,UGT1A1,UGT1A10,UGT1A3,UGT1A4,UGT1A5,UGT1A6,UGT1A7,UGT1A8,UGT1A9,UGT2A1,UGT2A3,UGT2B10,UGT2B15,UGT2B17,UGT2B28,UGT2B4,UGT2B7"
"KEGG","Ascorbate and aldarate metabolism","KEGG:00053","false","1.1322861179581824e-27","26.946043817185295","30","106","19","8161","AKR1A1,ALDH2,UGT1A1,UGT1A10,UGT1A3,UGT1A4,UGT1A5,UGT1A6,UGT1A7,UGT1A8,UGT1A9,UGT2A1,UGT2A3,UGT2B10,UGT2B15,UGT2B17,UGT2B28,UGT2B4,UGT2B7"
"KEGG","Pentose and glucuronate interconversions","KEGG:00040","false","8.173437713314677e-24","23.087595242622005","35","106","18","8161","AKR1A1,UGT1A1,UGT1A10,UGT1A3,UGT1A4,UGT1A5,UGT1A6,UGT1A7,UGT1A8,UGT1A9,UGT2A1,UGT2A3,UGT2B10,UGT2B15,UGT2B17,UGT2B28,UGT2B4,UGT2B7"
"KEGG","Drug metabolism - other enzymes","KEGG:00983","false","3.0448528442916586e-22","21.516433691686746","79","106","22","8161","CYP2A6,CYP2E1,GSTA2,GSTM3,MGST1,UGT1A1,UGT1A10,UGT1A3,UGT1A4,UGT1A5,UGT1A6,UGT1A7,UGT1A8,UGT1A9,UGT2A1,UGT2A3,UGT2B10,UGT2B15,UGT2B17,UGT2B28,UGT2B4,UGT2B7"
"KEGG","Steroid hormone biosynthesis","KEGG:00140","false","1.4907112844845278e-21","20.82660646097137","62","106","20","8161","CYP2E1,CYP3A5,HSD11B1L,UGT1A1,UGT1A10,UGT1A3,UGT1A4,UGT1A5,UGT1A6,UGT1A7,UGT1A8,UGT1A9,UGT2A1,UGT2A3,UGT2B10,UGT2B15,UGT2B17,UGT2B28,UGT2B4,UGT2B7"
"KEGG","Metabolic pathways","KEGG:01100","false","3.066324325933586e-21","20.51338191161015","1532","106","66","8161","A3GALT2,ABO,ACACB,ACSS1,ADH1A,ADH1B,ADH1C,ADH4,ADH5,ADH6,ADH7,AKR1A1,ALDH1A1,ALDH1A2,ALDH1A3,ALDH2,ALDH3A1,ALDH3B1,ALDH6A1,ALG14,ALG8,ASL,AWAT2,CYP2A6,CYP2B6,CYP2C18,CYP2C19,CYP2E1,CYP3A5,DAD1,DHRS3,ESD,FMO3,FMO5,GBGT1,GSTA2,GSTM3,HSD11B1L,LDHAL6A,LDHD,MGST1,PANK2,PGD,PGM2,PIGM,PKLR,SRR,STT3A,UGT1A1,UGT1A10,UGT1A3,UGT1A4,UGT1A5,UGT1A6,UGT1A7,UGT1A8,UGT1A9,UGT2A1,UGT2A3,UGT2B10,UGT2B15,UGT2B17,UGT2B28,UGT2B4,UGT2B7,XYLT1"
"KEGG","Porphyrin metabolism","KEGG:00860","false","6.313168576127028e-20","19.199752613855875","43","106","17","8161","UGT1A1,UGT1A10,UGT1A3,UGT1A4,UGT1A5,UGT1A6,UGT1A7,UGT1A8,UGT1A9,UGT2A1,UGT2A3,UGT2B10,UGT2B15,UGT2B17,UGT2B28,UGT2B4,UGT2B7"
"KEGG","Bile secretion","KEGG:04976","false","3.1261442238465153e-15","14.504990989792251","89","106","18","8161","ABCG2,UGT1A1,UGT1A10,UGT1A3,UGT1A4,UGT1A5,UGT1A6,UGT1A7,UGT1A8,UGT1A9,UGT2A1,UGT2A3,UGT2B10,UGT2B15,UGT2B17,UGT2B28,UGT2B4,UGT2B7"
"KEGG","Chemical carcinogenesis - receptor activation","KEGG:05207","false","1.1522139699089698e-14","13.938466863515325","211","106","24","8161","CYP2B6,GSTA2,GSTM3,KPNA5,KPNA6,MGST1,NR1I3,UGT1A1,UGT1A10,UGT1A3,UGT1A4,UGT1A5,UGT1A6,UGT1A7,UGT1A8,UGT1A9,UGT2A1,UGT2A3,UGT2B10,UGT2B15,UGT2B17,UGT2B28,UGT2B4,UGT2B7"
"KEGG","Biosynthesis of cofactors","KEGG:01240","false","2.4295075852009673e-14","13.61448174068174","153","106","21","8161","AKR1A1,ALDH2,DHRS3,PANK2,UGT1A1,UGT1A10,UGT1A3,UGT1A4,UGT1A5,UGT1A6,UGT1A7,UGT1A8,UGT1A9,UGT2A1,UGT2A3,UGT2B10,UGT2B15,UGT2B17,UGT2B28,UGT2B4,UGT2B7"
"KEGG","Pyruvate metabolism","KEGG:00620","false","3.391398342201642e-14","13.469621196462015","47","106","14","8161","ACACB,ACSS1,ADH1A,ADH1B,ADH1C,ADH4,ADH5,ADH6,ADH7,AKR1A1,ALDH2,LDHAL6A,LDHD,PKLR"
"KEGG","Glycolysis / Gluconeogenesis","KEGG:00010","false","3.1783821167310915e-13","12.497793891517649","67","106","15","8161","ACSS1,ADH1A,ADH1B,ADH1C,ADH4,ADH5,ADH6,ADH7,AKR1A1,ALDH2,ALDH3A1,ALDH3B1,LDHAL6A,PGM2,PKLR"
"KEGG","Tyrosine metabolism","KEGG:00350","false","4.6107388457807995e-8","7.336229475709086","36","106","9","8161","ADH1A,ADH1B,ADH1C,ADH4,ADH5,ADH6,ADH7,ALDH3A1,ALDH3B1"
"KEGG","Fatty acid degradation","KEGG:00071","false","0.000005426415477026249","5.265486957262231","43","106","8","8161","ADH1A,ADH1B,ADH1C,ADH4,ADH5,ADH6,ADH7,ALDH2"
"KEGG","Alcoholic liver disease","KEGG:04936","false","0.00017859164848140516","3.748138853976282","142","106","11","8161","ACACB,ADH1A,ADH1B,ADH1C,ADH4,ADH5,ADH6,ADH7,ALDH2,CYP2E1,PRKAA2"
"REAC","Biological oxidations","REAC:R-HSA-211859","false","1.0518706738672876e-48","47.97803765284236","215","120","48","10790","ACSS1,ADH1A,ADH1B,ADH1C,ADH4,ADH5,ADH6,ADH7,AKR1A1,ALDH1A1,ALDH2,ALDH3A1,CYP2A13,CYP2A6,CYP2B6,CYP2C18,CYP2C19,CYP2E1,CYP3A43,CYP3A5,ESD,FMO3,GLYAT,GLYATL2,GLYATL3,GSTA2,GSTM3,MGST1,SULT1A1,SULT1A2,UGT1A1,UGT1A10,UGT1A3,UGT1A4,UGT1A5,UGT1A6,UGT1A7,UGT1A8,UGT1A9,UGT2A1,UGT2A3,UGT2B10,UGT2B15,UGT2B17,UGT2B28,UGT2B4,UGT2B7,UGT3A2"
"REAC","Drug ADME","REAC:R-HSA-9748784","false","2.0075676963571876e-30","29.697329801138363","96","120","28","10790","ABCG2,ADH1A,CYP2C19,CYP2E1,GLYAT,GLYATL2,GLYATL3,GSTA2,PON3,SULT1A1,UGT1A1,UGT1A10,UGT1A3,UGT1A4,UGT1A5,UGT1A6,UGT1A7,UGT1A8,UGT1A9,UGT2A1,UGT2A3,UGT2B10,UGT2B15,UGT2B17,UGT2B28,UGT2B4,UGT2B7,UGT3A2"
"REAC","Aspirin ADME","REAC:R-HSA-9749641","false","4.843493137550634e-30","29.314841311252025","43","120","22","10790","CYP2C19,CYP2E1,GLYAT,GLYATL2,GLYATL3,UGT1A1,UGT1A3,UGT1A4,UGT1A5,UGT1A6,UGT1A7,UGT1A8,UGT1A9,UGT2A1,UGT2A3,UGT2B10,UGT2B15,UGT2B17,UGT2B28,UGT2B4,UGT2B7,UGT3A2"
"REAC","Phase II - Conjugation of compounds","REAC:R-HSA-156580","false","4.67555545943328e-29","28.330166787222073","106","120","28","10790","AKR1A1,ESD,GLYAT,GLYATL2,GLYATL3,GSTA2,GSTM3,MGST1,SULT1A1,SULT1A2,UGT1A1,UGT1A10,UGT1A3,UGT1A4,UGT1A5,UGT1A6,UGT1A7,UGT1A8,UGT1A9,UGT2A1,UGT2A3,UGT2B10,UGT2B15,UGT2B17,UGT2B28,UGT2B4,UGT2B7,UGT3A2"
"REAC","Glucuronidation","REAC:R-HSA-156588","false","3.2944558246623206e-28","27.48221631152941","25","120","18","10790","UGT1A1,UGT1A10,UGT1A3,UGT1A4,UGT1A5,UGT1A6,UGT1A7,UGT1A8,UGT1A9,UGT2A1,UGT2A3,UGT2B10,UGT2B15,UGT2B17,UGT2B28,UGT2B4,UGT2B7,UGT3A2"
"REAC","Metabolism","REAC:R-HSA-1430728","false","4.437455904875211e-18","17.352865949511955","2072","120","69","10790","ABCG2,ACACB,ACSS1,ADH1A,ADH1B,ADH1C,ADH4,ADH5,ADH6,ADH7,ADHFE1,AKR1A1,ALDH1A1,ALDH2,ALDH3A1,ALDH3B1,ALDH6A1,ASL,AWAT2,CYP2A13,CYP2A6,CYP2B6,CYP2C18,CYP2C19,CYP2E1,CYP3A43,CYP3A5,ERCC2,ESD,FMO3,GLYAT,GLYATL2,GLYATL3,GSTA2,GSTM3,LDHAL6A,MGST1,MLX,MLXIPL,PANK2,PGD,PGM2,PON3,PRKAA2,PTGR1,PTGR2,SLC5A6,SRR,SULT1A1,SULT1A2,UGT1A1,UGT1A10,UGT1A3,UGT1A4,UGT1A5,UGT1A6,UGT1A7,UGT1A8,UGT1A9,UGT2A1,UGT2A3,UGT2B10,UGT2B15,UGT2B17,UGT2B28,UGT2B4,UGT2B7,UGT3A2,XYLT1"
"REAC","Phase I - Functionalization of compounds","REAC:R-HSA-211945","false","3.192575046705237e-17","16.495858885141477","103","120","20","10790","ACSS1,ADH1A,ADH1B,ADH1C,ADH4,ADH5,ADH6,ADH7,ALDH1A1,ALDH2,ALDH3A1,CYP2A13,CYP2A6,CYP2B6,CYP2C18,CYP2C19,CYP2E1,CYP3A43,CYP3A5,FMO3"
"REAC","Ethanol oxidation","REAC:R-HSA-71384","false","5.206996774550721e-16","15.283412691345866","12","120","10","10790","ACSS1,ADH1A,ADH1B,ADH1C,ADH4,ADH5,ADH6,ADH7,ALDH1A1,ALDH2"
"REAC","Xenobiotics","REAC:R-HSA-211981","false","3.206374741490264e-8","7.493985721329819","23","120","8","10790","CYP2A13,CYP2A6,CYP2B6,CYP2C18,CYP2C19,CYP2E1,CYP3A43,CYP3A5"
"REAC","Paracetamol ADME","REAC:R-HSA-9753281","false","1.94045791727574e-7","6.712095771369268","28","120","8","10790","ABCG2,CYP2E1,SULT1A1,UGT1A1,UGT1A10,UGT1A6,UGT1A9,UGT2B15"
"REAC","RA biosynthesis pathway","REAC:R-HSA-5365859","false","0.0000010652989390965722","5.972528505481054","22","120","7","10790","ADH1A,ADH1C,ADH4,ALDH1A1,ALDH1A2,ALDH1A3,DHRS3"
"REAC","CYP2E1 reactions","REAC:R-HSA-211999","false","0.00002786177812295566","4.554991170598859","11","120","5","10790","CYP2A13,CYP2A6,CYP2B6,CYP2C19,CYP2E1"
"REAC","Signaling by Retinoic Acid","REAC:R-HSA-5362517","false","0.00016593825273925853","3.780053487160758","43","120","7","10790","ADH1A,ADH1C,ADH4,ALDH1A1,ALDH1A2,ALDH1A3,DHRS3"
"REAC","Cytochrome P450 - arranged by substrate type","REAC:R-HSA-211897","false","0.0001979738892849258","3.7033920849265485","64","120","8","10790","CYP2A13,CYP2A6,CYP2B6,CYP2C18,CYP2C19,CYP2E1,CYP3A43,CYP3A5"
"REAC","Conjugation of benzoate with glycine","REAC:R-HSA-177135","false","0.010644482545213054","1.9728754458480922","6","120","3","10790","GLYAT,GLYATL2,GLYATL3"
"REAC","Glutathione conjugation","REAC:R-HSA-156590","false","0.013675196553640037","1.8640664228338144","34","120","5","10790","AKR1A1,ESD,GSTA2,GSTM3,MGST1"
"REAC","ChREBP activates metabolic gene expression","REAC:R-HSA-163765","false","0.018476526289849634","1.7333796757001012","7","120","3","10790","ACACB,MLX,MLXIPL"
"REAC","Conjugation of salicylate with glycine","REAC:R-HSA-177128","false","0.029322414262808273","1.5328002748955034","8","120","3","10790","GLYAT,GLYATL2,GLYATL3"
"REAC","Amino Acid conjugation","REAC:R-HSA-156587","false","0.04362667385986549","1.3602478967856078","9","120","3","10790","GLYAT,GLYATL2,GLYATL3"
"REAC","Conjugation of carboxylic acids","REAC:R-HSA-159424","false","0.04362667385986549","1.3602478967856078","9","120","3","10790","GLYAT,GLYATL2,GLYATL3"
"REAC","Activation and oligomerization of BAK protein","REAC:R-HSA-111452","false","0.0498643844830156","1.3022095374435023","2","120","2","10790","BAK1,BID"
"WP","Glucuronidation","WP:WP698","false","1.895529281191797e-26","25.722269502420982","26","112","18","8133","PGM2,UGT1A1,UGT1A10,UGT1A3,UGT1A4,UGT1A5,UGT1A6,UGT1A7,UGT1A8,UGT1A9,UGT2A1,UGT2A3,UGT2B10,UGT2B15,UGT2B17,UGT2B28,UGT2B4,UGT2B7"
"WP","Metapathway biotransformation Phase I and II","WP:WP702","false","3.893891330611004e-25","24.4096161727889","182","112","32","8133","AKR1A1,CYP2A13,CYP2A6,CYP2B6,CYP2C18,CYP2C19,CYP2E1,CYP3A43,CYP3A5,FMO3,FMO5,GLYAT,GLYATL2,GSTA2,GSTM3,MGST1,SULT1A2,UGT1A1,UGT1A10,UGT1A3,UGT1A4,UGT1A5,UGT1A6,UGT1A7,UGT1A9,UGT2A1,UGT2A3,UGT2B15,UGT2B17,UGT2B28,UGT2B4,UGT2B7"
"WP","Fatty acid omega-oxidation","WP:WP206","false","8.028434285582935e-14","13.09536914306909","15","112","10","8133","ADH1A,ADH1B,ADH1C,ADH4,ADH6,ADH7,ALDH1A1,ALDH2,CYP2A6,CYP2E1"
"WP","Tamoxifen metabolism","WP:WP691","false","4.663806177307554e-12","11.331259506678482","20","112","10","8133","CYP2A6,CYP2C19,CYP2E1,CYP3A5,FMO3,UGT1A10,UGT1A4,UGT1A8,UGT2B15,UGT2B7"
"WP","Constitutive androstane receptor pathway","WP:WP2875","false","6.761479911297965e-10","9.169958237938799","30","112","10","8133","CYP2A6,CYP2B6,CYP2C19,CYP3A5,GSTA2,NR1I3,UGT1A1,UGT1A4,UGT1A6,UGT1A9"
"WP","Codeine and morphine metabolism","WP:WP1604","false","4.279614333321495e-8","7.368595366607645","14","112","7","8133","UGT1A1,UGT1A10,UGT1A6,UGT1A8,UGT1A9,UGT2B4,UGT2B7"
"WP","Pregnane X receptor pathway","WP:WP2876","false","4.81092865175093e-8","7.317771083833381","32","112","9","8133","CYP2A6,CYP2B6,CYP2C19,CYP3A5,GSTA2,UGT1A1,UGT1A4,UGT1A6,UGT1A9"
"WP","Nicotine metabolism in liver cells","WP:WP1600","false","4.6666181330571016e-7","6.33099773575323","6","112","5","8133","CYP2A6,CYP2B6,FMO3,UGT1A4,UGT1A9"
"WP","Ethanol effects on histone modifications","WP:WP3996","false","0.0000010579864150938847","5.97551990875418","31","112","8","8133","ADH1A,ADH1B,ADH1C,ALDH1A1,ALDH1A2,ALDH1A3,ALDH2,CYP2E1"
"WP","NRF2 pathway","WP:WP2884","false","0.0000011315320493289577","5.946333140649071","141","112","14","8133","ADH7,ALDH3A1,CYP2A6,GSTA2,GSTM3,PGD,PTGR1,SLC5A6,UGT1A1,UGT1A4,UGT1A6,UGT1A7,UGT1A9,UGT2B7"
"WP","Nuclear receptors meta-pathway","WP:WP2882","false","0.0000012608236610795517","5.899345649648409","313","112","20","8133","ADH7,ALDH3A1,CYP2A6,CYP2B6,CYP2C19,CYP3A5,GSTA2,GSTM3,MGST1,NR1I3,PGD,PTGR1,SLC5A6,UGT1A1,UGT1A4,UGT1A6,UGT1A7,UGT1A9,UGT2B4,UGT2B7"
"WP","Vitamin A and carotenoid metabolism","WP:WP716","false","0.000013959138088726991","4.85514139653133","42","112","8","8133","ADH1A,ADH4,ALDH1A1,ALDH1A2,ALDH1A3,AWAT2,CYP2E1,DHRS3"
"WP","Aryl hydrocarbon receptor pathway","WP:WP2873","false","0.000024633806334966586","4.608468477216837","45","112","8","8133","ALDH3A1,GSTA2,MGST1,UGT1A1,UGT1A4,UGT1A6,UGT1A7,UGT1A9"
"WP","Irinotecan pathway","WP:WP229","false","0.00005765722441200225","4.239146268149081","12","112","5","8133","ABCG2,CYP3A5,UGT1A1,UGT1A10,UGT1A9"
"WP","Oxidation by cytochrome P450","WP:WP43","false","0.0003182050613144818","3.4972929168218405","62","112","8","8133","CYP2A13,CYP2A6,CYP2B6,CYP2C18,CYP2C19,CYP2E1,CYP3A43,CYP3A5"
"WP","Estrogen metabolism","WP:WP697","false","0.00042635578129206604","3.370227843701627","17","112","5","8133","UGT1A1,UGT1A3,UGT1A6,UGT1A9,UGT2B7"
"WP","Diclofenac metabolic pathway","WP:WP2491","false","0.0017481955236043206","2.7574099961445833","4","112","3","8133","CYP2B6,CYP2C18,CYP2C19"
"WP","Estrogen metabolism","WP:WP5276","false","0.0027116095003626873","2.5667728531709653","24","112","5","8133","CYP2C19,CYP3A5,UGT1A10,UGT1A8,UGT2B7"
"WP","Arylamine metabolism","WP:WP694","false","0.00432656746091939","2.363856520268231","5","112","3","8133","SULT1A2,UGT1A4,UGT1A9"
"WP","Retinol metabolism","WP:WP5188","false","0.012263963607932906","1.911369146876559","17","112","4","8133","ADH1A,ALDH1A1,AWAT2,CYP2A6"
"WP","2q37 copy number variation syndrome","WP:WP5224","false","0.028473179051747757","1.5455640408420206","145","112","9","8133","LRRFIP1,SH3BP4,UGT1A1,UGT1A10,UGT1A4,UGT1A6,UGT1A7,UGT1A8,UGT1A9"
"WP","Folate-alcohol and cancer pathway hypotheses","WP:WP1589","false","0.03490618142513593","1.4570976583957544","9","112","3","8133","ADH5,ALDH1A1,CYP2E1"
"HPA","appendix; endocrine cells[Low]","HPA:0031291","false","0.0011667343353090373","2.9330280212844735","423","123","17","11006","ACSS1,ADGRE5,ADH1A,ADH1B,ADH1C,ADH6,EEF1D,FMO5,FOXP1,LIMA1,MGST1,PTGR1,SULT1A1,SULT1A2,UGT2A3,UGT2B17,UGT2B4"
"HPA","small intestine; endocrine cells[Low]","HPA:0481291","false","0.0026683316273209607","2.5737601961328","499","123","18","11006","ACSS1,ADH1A,ADH1B,ADH1C,ADH4,ADH6,EEF1D,FMO5,FOXP1,LIMA1,MGST1,PKLR,PTGR1,SULT1A1,SULT1A2,UGT2A3,UGT2B17,UGT2B4"
"HPA","appendix; enterocytes[Medium]","HPA:0031302","false","0.0032184271438067437","2.4923563176367156","363","123","15","11006","ACSS1,ADGRE5,ADH1A,ADH1B,ADH1C,EEF1D,FOXP1,LIMA1,MGST1,PTGR1,SULT1A1,SULT1A2,UGT2A3,UGT2B17,UGT2B4"
"HPA","small intestine; enterocytes[Low]","HPA:0481301","false","0.004744657934138467","2.323795092545666","572","123","19","11006","ACSS1,ADH1A,ADH1B,ADH1C,ADH6,CYP2C19,EEF1D,FMO5,FOXP1,GSTA2,LIMA1,MGST1,PKLR,PTGR1,SULT1A1,SULT1A2,UGT2A3,UGT2B17,UGT2B4"
"HPA","appendix; enterocytes[Low]","HPA:0031301","false","0.006105901086664669","2.2142502353900704","480","123","17","11006","ACSS1,ADGRE5,ADH1A,ADH1B,ADH1C,ADH6,EEF1D,FMO5,FOXP1,LIMA1,MGST1,PTGR1,SULT1A1,SULT1A2,UGT2A3,UGT2B17,UGT2B4"
"HPA","appendix; endocrine cells[Medium]","HPA:0031292","false","0.017798921951831092","1.7496063013174776","372","123","14","11006","ADGRE5,ADH1A,ADH1B,ADH1C,EEF1D,FOXP1,LIMA1,MGST1,PTGR1,SULT1A1,SULT1A2,UGT2A3,UGT2B17,UGT2B4"
"HPA","appendix; goblet cells[Low]","HPA:0030891","false","0.026409614188099666","1.5782379432536309","386","123","14","11006","ADGRE5,ADH1A,ADH1B,ADH1C,EEF1D,FOXP1,LIMA1,MGST1,PTGR1,SULT1A1,SULT1A2,UGT2A3,UGT2B17,UGT2B4"
"HPA","liver; hepatocytes[Medium]","HPA:0290402","false","0.0321935486152104","1.4922311494696239","3745","123","62","11006","ACACB,ADH1A,ADH1B,ADH1C,ADH4,ADH5,ADH6,ADHFE1,AKR1A1,ALDH1A1,ALDH1A2,ALDH6A1,ALG8,ASL,ATG101,ATG14,C1ORF109,CEP63,CYP2A13,CYP2A6,CYP2B6,CYP2C19,CYP2E1,CYP3A43,DDX6,DHRS3,DYM,EEF1D,EIF4G1,FAM156B,FBXW7,FMO3,FMO5,FNBP4,GIT2,GLYAT,GSTA2,HIPK3,LDHD,LINS1,MGST1,MIPOL1,NCKAP5L,NIP7,NKTR,PIAS1,PKLR,PON3,PRDM10,PTGR1,PTGR2,SAR1A,SECISBP2L,SERGEF,SLC35A2,SNRPC,STT3A,SULT1A1,UGT1A6,UGT2B4,XYLT1,ZNF608"
"HPA","liver","HPA:0290000","false","0.0424888365878625","1.3717251604235214","6292","123","90","11006","ACACB,ADH1A,ADH1B,ADH1C,ADH4,ADH5,ADH6,ADHFE1,AKR1A1,ALDH1A1,ALDH1A2,ALDH1A3,ALDH6A1,ALG8,ASL,ATG101,ATG14,BAK1,BID,C1ORF109,CEP63,CYP2A13,CYP2A6,CYP2B6,CYP2C19,CYP2E1,CYP3A43,DDX6,DHRS3,DYM,EEF1D,EIF4G1,ESD,FAM156B,FBXW7,FMO3,FMO5,FNBP4,FOXP1,GABPB1,GBGT1,GIT2,GLYAT,GSTA2,HIPK3,KAT6A,KIFC2,KPNA6,LDHD,LINS1,LRRFIP1,MGST1,MIPOL1,MLX,MPG,NCKAP5L,NFAT5,NIP7,NKTR,NR2C2,PANK2,PCMTD1,PGD,PIAS1,PKLR,POFUT1,PON3,PRDM10,PTGR1,PTGR2,SAR1A,SECISBP2L,SENP7,SERGEF,SH3YL1,SLC35A2,SND1,SNRPC,SRR,STT3A,SULT1A1,SULT1A2,TMF1,TNRC6B,TRMT6,UGT1A6,UGT2B4,XYLT1,ZNF131,ZNF608"
