Gene Name,Gene Id,P-Value SKATO,P-Value Burden,P-Value SKAT,BETA Burden,Burden Set,Chrom : Position,Chrom,Position,burden_FDR,skato_FDR,skat_FDR,ALC_TRAIT,SMOK_TRAIT,SUD_TRAIT,NEUROPSYCH_TRAIT
MMEL1,ENSG00000142606,3.68e-05,1.69e-05,0.00280564,0.00140416,missense|LC,1002586658.0,1,2586658,0.12187833,0.18517404,0.5553512,{'alcohol consumption measurement: drinks per week (PMID: 36477530)'},,,
MTOR,ENSG00000198793,0.00011196,3.57e-05,0.04881025,-0.0186381,pLoF,1011106515.0,1,11106515,0.1490287,0.24250105,0.77912385,{'alcohol consumption measurement: drinks per week (PMID: 36477530)'},{'smoking initiation: smoking initiation (PMID: 36477530)'},,
AC118553.2,ENSG00000283761,0.00013794,0.0001276,0.00045308,-0.0051268,synonymous,1099970489.0,1,99970489,0.26614678,0.24275813,0.44763198,,,,
KIF21B,ENSG00000116852,6.35e-05,0.0001406,0.00047692,-0.0149207,pLoF,1200973806.0,1,200973806,0.27303066,0.215667,0.44763198,,{'smoking initiation: smoking initiation (PMID: 36477530)'},,"{'schizophrenia: schizophrenia (PMID: 35396580)', 'schizophrenia: schizophrenia (PMID: 26198764)', 'attention deficit hyperactivity disorder, unipolar depression, bipolar disorder, autism spectrum disorder, schizophrenia: autism spectrum disorder, attention deficit-hyperactivity disorder, bipolar disorder, major depressive disorder, and schizophrenia (combined) (PMID: 23453885)'}"
KDM5B,ENSG00000117139,4.34e-05,2.25e-05,0.01012523,-0.0102399,pLoF,1202728943.0,1,202728943,0.12670931,0.1878924,0.68134836,,,,
CHRM3,ENSG00000133019,6.25e-05,5.24e-05,0.00113701,-0.0261845,pLoF,1239907379.0,1,239907379,0.16396582,0.215667,0.48934736,{'aspartate aminotransferase measurement: aspartate aminotransferase levels in low alcohol consumption (PMID: 30589442)'},"{'cleft palate, tobacco smoke exposure measurement, cleft lip, parental genotype effect measurement: cleft lip with or without cleft palate x maternal periconceptional smoking interaction (parent of origin effect) (PMID: 31372216)', 'unipolar depression: depression in smokers (PMID: 30219690)'}",{'hallucinations: hallucinations in long-term cannabis use (PMID: 31740666)'},"{'schizophrenia: schizophrenia (PMID: 35396580)', 'schizophrenia: schizophrenia (mtag) (PMID: 33479212)', 'aggressive behaviour measurement, childhood aggressive behaviour measurement: aggressiveness in attention deficit hyperactivity disorder (PMID: 27021288)', 'schizophrenia: schizophrenia (PMID: 31740837)', 'schizophrenia: schizophrenia (PMID: 26198764)', 'schizophrenia: schizophrenia (mtag) (PMID: 32606422)', ""alzheimer disease, gastroesophageal reflux disease: alzheimer's disease or gastroesophageal reflux disease (PMID: 35851147)"", 'worry measurement: feeling worry (PMID: 29500382)', 'attention deficit hyperactivity disorder, schizophrenia: schizophrenia vs adhd (ordinary least squares (ols)) (PMID: 33686288)', ""cognitive decline measurement: rate of cognitive decline in alzheimer's disease (PMID: 32573913)"", 'empathy measurement: cognitive empathy (PMID: 28584286)'}"
GCKR,ENSG00000084734,7.7e-05,0.00062083,6.76e-05,-0.0011389,missense|LC,2027492349.0,2,27492349,0.38344238,0.215667,0.36540193,"{'alcohol use disorder measurement, longitudinal alcohol consumption measurement: alcohol use disorder (consumption score) (PMID: 33861876)', 'carrier status, alcohol drinking: alcohol drinking status x rs671 interaction (2df) (PMID: 38277453)', 'alcohol drinking: alcohol drinking status (ever drinker vs never drinker) (PMID: 38277453)', 'alcohol consumption measurement: daily alcohol intake (PMID: 38277453)', 'alcohol consumption measurement: daily alcohol intake in rs671 gg genotype (PMID: 38277453)', 'alcohol consumption measurement: alcohol consumption (PMID: 28937693)', 'alcohol consumption measurement: drinks per week (PMID: 36477530)', 'alcohol consumption measurement: alcohol use disorder (consumption score) (PMID: 30336701)', 'alcohol consumption measurement: alcohol consumption in current drinkers (PMID: 28937693)', 'alcohol use disorder measurement: alcohol use disorder (mtag) (PMID: 37156939)', 'alcohol use disorder measurement, longitudinal alcohol consumption measurement: alcohol use disorder (consumption score) (PMID: 30940813)', 'alcohol use disorder measurement: alcohol use disorder (total score) (PMID: 30336701)', 'alcohol consumption measurement: alcohol consumption (drinks per week) (mtag) (PMID: 32451486)', 'alcohol consumption measurement: alcohol consumption (drinks per week) (PMID: 30643258)', 'alcohol consumption measurement: alcohol consumption (drinks per week) (PMID: 30643251)', 'alcohol use disorder measurement: alcohol use disorder (PMID: 37282553)', 'alcohol drinking: alcohol drinking status in rs671 ga genotype (PMID: 38277453)', 'alcohol consumption measurement, alcohol drinking: alcohol consumption (drinks per week) (PMID: 28485404)', 'alcohol consumption measurement: alcohol consumption (PMID: 27911795)', 'alcohol consumption measurement: daily alcohol intake in rs671 ga genotype (PMID: 38277453)', 'alcohol consumption measurement: maximum habitual alcohol consumption (PMID: 36301540)', 'alcohol consumption measurement: alcohol use disorder (consumption score) (PMID: 37282553)', 'alcohol use disorder measurement, alcohol consumption measurement: problematic alcohol use (mtag) (PMID: 32451486)', 'alcohol consumption measurement: alcohol consumption (drinks per month) (ukb data field 1578, 4424) (PMID: 32193382)', 'alcohol consumption measurement: alcohol consumption (drinks per week) (mtag) (PMID: 30643251)', 'alcohol consumption measurement: alcohol consumption (drinks per week) (PMID: 30679032)', 'alcohol consumption measurement: maximum habitual alcohol consumption (mtag) (PMID: 36301540)', 'alcohol use disorder measurement: alcohol use disorder (PMID: 32451486)', 'alcohol use disorder measurement, alcohol dependence: alcohol use disorder (PMID: 30940813)', 'alcohol drinking: alcohol consumption (drinkers vs non-drinkers) (PMID: 31959922)', 'alcohol use disorder measurement: problematic alcohol use (PMID: 32451486)', 'alcohol consumption measurement: alcohol consumption (heavy vs. light/non-drinkers) (PMID: 31998841)', 'alcohol use disorder measurement: problematic alcohol use (PMID: 37250466)', 'bitter alcoholic beverage consumption measurement: bitter alcoholic beverage consumption (PMID: 31046077)', 'alcohol consumption measurement: problematic alcohol use (mtag) (PMID: 36301540)', 'alcohol drinking: alcohol drinking status in rs671 gg genotype (PMID: 38277453)', 'alcohol consumption measurement, carrier status: daily alcohol intake x rs671 interaction (2df) (PMID: 38277453)', 'alcohol consumption measurement: alcohol consumption (PMID: 31358974)'}",,"{'substance-related disorder: addiction risk factors (PMID: 37250466)', 'opioid-binding protein/cell adhesion molecule measurement: opioid-binding protein/cell adhesion molecule levels (PMID: 34648354)'}",
SCN7A,ENSG00000136546,2.27e-05,0.05111642,1.08e-05,0.00049745,missense|LC,2166405531.0,2,166405531,0.82790377,0.15806213,0.20358623,,,,{'cognitive behavioural therapy: response to cognitive-behavioural therapy in major depressive disorder (PMID: 31123309)'}
UBR3,ENSG00000144357,1.91e-05,4.51e-06,0.14500493,-0.022585,pLoF,2169824452.0,2,169824452,0.05078487,0.15397165,0.85813863,,,,
FOXP1,ENSG00000114861,0.00010214,8.22e-05,0.0016905,0.00241625,missense|LC,3070959160.0,3,70959160,0.2012321,0.2300693,0.50916357,"{'alcohol consumption measurement: alcohol consumption (drinks per week) (PMID: 30643251)', 'taste liking measurement: f-coffee/alcohol liking (derived food-liking factor) (PMID: 35585065)', 'alcohol consumption measurement: drinks per week (PMID: 36477530)', 'alcohol consumption measurement: alcohol consumption (drinks per week) (mtag) (PMID: 30643251)', 'taste liking measurement: f-wine liking (derived food-liking factor) (PMID: 35585065)', 'taste liking measurement: alcohol liking (PMID: 35585065)', 'alcohol consumption measurement: alcohol consumption (drinks per week) (mtag) (PMID: 32451486)'}","{'smoking status measurement: smoking initiation (ever regular vs never regular) (PMID: 30643251)', 'smoking initiation: smoking initiation (PMID: 36477530)', 'smoking initiation: age of smoking initiation (mtag) (PMID: 30643251)', 'smoking status measurement: smoking status (PMID: 30595370)', 'smoking initiation: smoking initiation (PMID: 33082346)', 'smoking status measurement: smoking initiation (ever regular vs never regular) (mtag) (PMID: 30643251)', 'smoking initiation: smoking initiation (mtag) (PMID: 37156939)'}",{'cannabis dependence: cannabis use disorder (PMID: 37985822)'},"{'schizophrenia: schizophrenia (PMID: 35396580)', ""tourette syndrome, anorexia nervosa: anorexia nervosa vs tourette's syndrome and other tic disorders (ordinary least squares (ols)) (PMID: 33686288)"", 'schizophrenia: schizophrenia (PMID: 28991256)', 'risk-taking behaviour: adventurousness (PMID: 30643258)', 'schizophrenia: schizophrenia (PMID: 26198764)', 'attention deficit hyperactivity disorder, autism spectrum disorder, intelligence: attention deficit hyperactivity disorder or autism spectrum disorder or intelligence (pleiotropy) (PMID: 35764056)', 'schizophrenia: schizophrenia (PMID: 30285260)', 'cognitive function measurement: cognitive performance (PMID: 30038396)', 'cognitive function measurement: cognitive performance (mtag) (PMID: 30038396)', 'attention deficit hyperactivity disorder, substance abuse, antisocial behaviour measurement: externalizing behaviour (multivariate analysis) (PMID: 34446935)', 'autism spectrum disorder, schizophrenia: autism spectrum disorder or schizophrenia (PMID: 28540026)', 'risk-taking behaviour: risk-taking behavior (multivariate analysis) (PMID: 36324656)', 'schizophrenia: schizophrenia (PMID: 31740837)', 'intelligence: general cognitive ability (PMID: 29844566)', 'anorexia nervosa, gastroesophageal reflux disease: gastroesophageal reflux disease or anorexia nervosa (pleiotropy) (PMID: 36753304)', 'intelligence, self reported educational attainment: cognitive ability (mtag) (PMID: 29186694)', 'anorexia nervosa: anorexia nervosa (PMID: 31308545)', 'lifestyle measurement: leisure sedentary behaviour (television watching) (PMID: 32317632)', 'risky sexual behaviour measurement: number of sexual partners (PMID: 30643258)', 'response to ketamine: response to esketamine (responder status) in treatment resistant depression (PMID: 32724131)', 'self reported educational attainment: noncognitive aspects of educational attainment (PMID: 33414549)', 'risk-taking behaviour: automobile speeding propensity (PMID: 30643258)', 'neuroticism measurement, cognitive function measurement: personality traits or cognitive traits (multivariate analysis) (PMID: 37365406)', 'schizophrenia, intelligence, self reported educational attainment: cognitive ability, years of educational attainment or schizophrenia (pleiotropy) (PMID: 31374203)', 'cognitive function measurement, self reported educational attainment: cognitive aspects of educational attainment (PMID: 33414549)', ""alzheimer disease, gastroesophageal reflux disease: alzheimer's disease or gastroesophageal reflux disease (PMID: 35851147)"", 'risk-taking behaviour: general risk tolerance (mtag) (PMID: 30643258)', 'risk-taking behaviour: risk-taking tendency (4-domain principal component model) (PMID: 30643258)'}"
ANXA3,ENSG00000138772,0.00013092,0.00480536,8.6e-05,0.0016444,missense|LC,4078554418.0,4,78554418,0.60848877,0.24275813,0.37253542,,,,
ADH1A,ENSG00000187758,2.79e-05,0.00020263,2.73e-05,-0.0061105,pLoF,4099276568.0,4,99276568,0.29500269,0.15806213,0.29866035,"{'alcohol consumption measurement: alcohol use disorder (consumption score) (PMID: 37282553)', 'alcohol dependence: alcohol dependence (PMID: 24166409)', 'alcohol dependence: alcohol dependence (PMID: 23456092)', 'protein measurement: alcohol dehydrogenase 1a levels (PMID: 34648354)', 'alcohol use disorder measurement: alcohol use disorder (PMID: 37282553)', 'alcohol use disorder measurement: problematic alcohol use (PMID: 37250466)', 'alcohol consumption measurement: drinks per week (PMID: 36477530)', 'alcohol dependence measurement: alcohol dependence (PMID: 24166409)', 'alcohol use disorder measurement: alcohol use disorder (mtag) (PMID: 37156939)', 'alcohol dependence: alcohol dependence (PMID: 33290381)', 'alcohol use disorder measurement, longitudinal alcohol consumption measurement: alcohol use disorder (consumption score) (PMID: 30940813)', 'alcohol consumption measurement: alcohol consumption (drinks per week) (PMID: 30643258)'}",,,
ADH1B,ENSG00000196616,8.43e-05,0.92490629,4.77e-05,-1.98e-05,missense|LC,4099307755.0,4,99307755,0.99698882,0.215667,0.29866035,"{'alcohol use disorder measurement, longitudinal alcohol consumption measurement: alcohol use disorder (consumption score) (PMID: 33861876)', 'carrier status, alcohol drinking: alcohol drinking status x rs671 interaction (2df) (PMID: 38277453)', 'alcohol drinking: alcohol drinking status (ever drinker vs never drinker) (PMID: 38277453)', 'alcohol consumption measurement: daily alcohol intake (PMID: 38277453)', 'alcohol dependence measurement: alcohol dependence (tolerance) (PMID: 31090166)', 'alcohol consumption measurement: daily alcohol intake in rs671 gg genotype (PMID: 38277453)', 'alcohol consumption measurement: alcohol consumption (PMID: 28937693)', 'alcohol consumption measurement: drinks per week (PMID: 36477530)', 'alcohol consumption measurement: alcohol use disorder (consumption score) (PMID: 30336701)', 'alcohol consumption measurement: alcohol consumption in current drinkers (PMID: 28937693)', 'alcohol use disorder measurement: alcohol use disorder (mtag) (PMID: 37156939)', 'alcohol use disorder measurement, longitudinal alcohol consumption measurement: alcohol use disorder (consumption score) (PMID: 30940813)', 'alcohol drinking: alcohol consumption (PMID: 23743675)', 'alcohol dependence: alcohol dependence (PMID: 23456092)', 'alcohol consumption measurement: alcohol consumption (drinks per week) (PMID: 30643258)', 'alcohol consumption measurement: alcohol consumption (drinks per week) (mtag) (PMID: 32451486)', 'alcohol use disorder measurement: alcohol use disorder (total score) (PMID: 30336701)', 'alcohol use disorder measurement: alcohol use disorder (PMID: 35094024)', 'alcohol dependence measurement: alcohol use disorder (dependence and problematic use scores) (PMID: 30336701)', 'alcohol consumption measurement: alcohol consumption (drinks per week) (PMID: 30643251)', 'alcohol dependence: alcohol dependence (PMID: 22004471)', 'alcohol use disorder measurement: alcohol use disorder (PMID: 37282553)', 'alcohol consumption measurement: maximum habitual alcohol consumption (PMID: 31151762)', 'alcohol dependence measurement: alcohol dependence symptom count (PMID: 31090166)', 'alcohol dependence measurement: alcohol dependence (PMID: 24166409)', 'alcohol consumption measurement, alcohol drinking: alcohol consumption (drinks per week) (PMID: 28485404)', 'taste liking measurement: f-wine liking (derived food-liking factor) (PMID: 35585065)', 'taste liking measurement: alcohol liking (PMID: 35585065)', 'alcohol drinking: alcohol drinking status in rs671 ga genotype (PMID: 38277453)', 'alcohol dependence: alcohol dependence (PMID: 33290381)', 'alcohol consumption measurement: daily alcohol intake in rs671 ga genotype (PMID: 38277453)', 'alcohol consumption measurement: maximum habitual alcohol consumption (PMID: 36301540)', 'alcohol consumption measurement: alcohol frequency weekly (weighted gwa) (PMID: 37106081)', 'alcohol use disorder measurement, alcohol consumption measurement: problematic alcohol use (mtag) (PMID: 32451486)', 'alcohol consumption measurement: alcohol use disorder (consumption score) (PMID: 37282553)', 'alcohol consumption measurement: alcohol consumption (drinks per month) (ukb data field 1578, 4424) (PMID: 32193382)', 'alcohol consumption measurement, alcohol drinking: alcohol consumption (drinkers vs non-drinkers) (PMID: 28485404)', 'alcohol dependence: alcohol dependence (PMID: 31591379)', 'alcohol dependence measurement: alcohol dependence (desire to cut drinking) (PMID: 31090166)', 'alcohol consumption measurement: alcohol consumption (drinks per week) (PMID: 30679032)', 'esophageal carcinoma: esophageal cancer  (alcohol interaction) (PMID: 22960999)', 'alcohol use disorder measurement: alcohol use disorder (PMID: 32451486)', 'alcohol consumption measurement: maximum habitual alcohol consumption (mtag) (PMID: 36301540)', 'alcohol use disorder measurement, alcohol dependence: alcohol use disorder (PMID: 30940813)', 'alcohol dependence: alcohol dependence (PMID: 24166409)', 'alcohol drinking: alcohol consumption (drinkers vs non-drinkers) (PMID: 31959922)', 'alcohol consumption measurement: alcohol consumption (drinks per week) (PMID: 31959922)', 'alcohol use disorder measurement: problematic alcohol use (PMID: 32451486)', 'alcohol consumption measurement: alcohol consumption (heavy vs. light/non-drinkers) (PMID: 31998841)', 'taste liking measurement: f-coffee/alcohol liking (derived food-liking factor) (PMID: 35585065)', 'alcohol dependence: alcohol dependence (PMID: 28714907)', 'alcohol consumption measurement: alcohol frequency weekly (standard gwa) (PMID: 37106081)', 'bitter alcoholic beverage consumption measurement: bitter alcoholic beverage consumption (PMID: 31046077)', 'unipolar depression, alcohol dependence: major depression and alcohol dependence (PMID: 29071344)', 'alcohol consumption measurement: problematic alcohol use (mtag) (PMID: 36301540)', 'alcohol use disorder measurement: problematic alcohol use (PMID: 37250466)', 'alcohol drinking: alcohol drinking status in rs671 gg genotype (PMID: 38277453)', 'alcohol consumption measurement, carrier status: daily alcohol intake x rs671 interaction (2df) (PMID: 38277453)', 'alcohol consumption measurement: alcohol consumption (PMID: 31358974)', 'alcohol dependence: alcohol dependence (PMID: 31090166)'}",,"{'opioid use disorder: opioid use disorder (mtag) (PMID: 37156939)', 'substance-related disorder: addiction risk factors (PMID: 37250466)'}","{'risk-taking behaviour: risk-taking behavior (multivariate analysis) (PMID: 36324656)', 'risk-taking behaviour: risk-taking tendency (4-domain principal component model) (PMID: 30643258)', 'sex interaction measurement, cerebral amyloid angiopathy: cerebral amyloid angiopathy x sex interaction in alzheimer’s disease (PMID: 34020725)'}"
ADH1C,ENSG00000248144,2.3400000000000003e-32,5.87e-31,3.34e-33,-0.0064645,pLoF,4099336654.0,4,99336654,3.3100000000000004e-26,1.32e-27,1.88e-28,"{'alcohol consumption measurement: alcohol consumption (PMID: 28937693)', 'alcohol consumption measurement: drinks per week (PMID: 36477530)', 'alcohol consumption measurement: alcohol consumption over the past year (PMID: 29058377)', 'alcohol use disorder measurement: alcohol use disorder (mtag) (PMID: 37156939)', 'alcohol consumption measurement: alcohol consumption in current drinkers (PMID: 28937693)', 'alcohol use disorder measurement, longitudinal alcohol consumption measurement: alcohol use disorder (consumption score) (PMID: 30940813)', 'alcohol use disorder measurement: alcohol use disorder (total score) (PMID: 30336701)', 'alcohol consumption measurement: alcohol consumption (drinks per week) (PMID: 30643258)', 'alcohol consumption measurement: alcohol consumption (drinks per week) (mtag) (PMID: 32451486)', 'alcohol dependence: alcohol dependence (PMID: 23456092)', 'alcohol consumption measurement: alcohol consumption (drinks per week) (PMID: 30643251)', 'alcohol dependence: alcohol dependence (PMID: 22004471)', 'alcohol use disorder measurement: alcohol use disorder (PMID: 37282553)', 'alcohol dependence measurement: alcohol dependence (PMID: 24166409)', 'alcohol dependence: alcohol dependence (PMID: 33290381)', 'alcohol consumption measurement: daily alcohol intake in rs671 ga genotype (PMID: 38277453)', 'alcohol consumption measurement: alcohol frequency weekly (weighted gwa) (PMID: 37106081)', 'alcohol use disorder measurement, alcohol consumption measurement: problematic alcohol use (mtag) (PMID: 32451486)', 'alcohol consumption measurement: alcohol consumption (drinks per week) (mtag) (PMID: 30643251)', 'alcohol use disorder measurement, alcohol dependence: alcohol use disorder (PMID: 30940813)', 'alcohol dependence: alcohol dependence (PMID: 24166409)', 'alcohol use disorder measurement: problematic alcohol use (PMID: 37250466)', 'alcohol dependence: alcohol dependence (PMID: 28714907)', 'alcohol consumption measurement: alcohol frequency weekly (standard gwa) (PMID: 37106081)', 'bitter alcoholic beverage consumption measurement: bitter alcoholic beverage consumption (PMID: 31046077)', 'alcohol consumption measurement: alcohol consumption (PMID: 31358974)'}",,{'substance-related disorder: addiction risk factors (PMID: 37250466)'},"{'sex interaction measurement, cerebral amyloid angiopathy: cerebral amyloid angiopathy x sex interaction in alzheimer’s disease (PMID: 34020725)'}"
SLC29A1,ENSG00000112759,1.14e-05,2.25e-05,3.56e-05,0.00212484,missense|LC,6044219628.0,6,44219628,0.12670931,0.10734014,0.29866035,,,,
FRK,ENSG00000111816,0.00018647,7.8e-05,0.12513045,-0.0031732,missense|LC,6115942385.0,6,115942385,0.19959316,0.26251941,0.85231545,"{'low density lipoprotein cholesterol measurement, alcohol consumption measurement: ldl cholesterol levels x alcohol consumption (regular vs non-regular drinkers) interaction (2df) (PMID: 30698716)', 'low density lipoprotein cholesterol measurement, alcohol drinking: ldl cholesterol levels x alcohol consumption (drinkers vs non-drinkers) interaction (2df) (PMID: 30698716)'}",{'emphysema imaging measurement: emphysema annual change measurement in smokers (adjusted lung density) (PMID: 31324189)'},,"{'cognitive function measurement: global cognition (mini mental state examination) (longitudinal) (PMID: 35386118)', 'cognitive decline measurement: cognitive decline rate in late mild cognitive impairment (PMID: 26252872)'}"
GET4,ENSG00000239857,8.16e-05,3.28e-05,0.00714163,-0.0315189,pLoF,7000872409.0,7,872409,0.1490287,0.215667,0.6490895,,,,
STK31,ENSG00000196335,0.00017318,7.44e-05,0.06972828,-0.0012979,missense|LC,7023710132.0,7,23710132,0.19943045,0.26251941,0.80362487,,,,"{'schizophrenia: schizophrenia (PMID: 35396580)', 'schizophrenia: schizophrenia (PMID: 34380480)', 'memory performance: verbal memory performance (residualized delayed recall level) (PMID: 28800603)', ""late-onset alzheimers disease: late-onset alzheimer's disease (PMID: 27770636)"", 'schizophrenia: schizophrenia (PMID: 26198764)', 'cognitive function measurement, self reported educational attainment: cognitive aspects of educational attainment (PMID: 33414549)', 'cognitive function measurement: cognitive performance (PMID: 30038396)'}"
AKAP9,ENSG00000127914,0.00013427,7.01e-05,0.00026662,-0.0020582,missense|LC,7091941030.0,7,91941030,0.19741054,0.24275813,0.44763198,{'alcohol consumption measurement: drinks per week (PMID: 36477530)'},,,"{""hippocampal volume: hippocampal volume in alzheimer's disease dementia (PMID: 29274321)"", 't-tau measurement: cerebrospinal fluid p-tau levels in mild cognitive impairment (PMID: 29274321)', 't-tau measurement: cerebrospinal fluid t-tau levels in mild cognitive impairment (PMID: 29274321)'}"
GIGYF1,ENSG00000146830,1.95e-11,3.21e-12,4.67e-05,-0.0215973,pLoF,7100676229.0,7,100676229,9.04e-08,5.49e-07,0.29866035,,,,"{'schizophrenia: schizophrenia (PMID: 30285260)', 'alzheimer disease, polygenic risk score: alzheimer’s disease polygenic risk score (upper quantile vs lower quantile) (PMID: 35589863)', 'schizophrenia: schizophrenia (PMID: 28991256)'}"
OR51D1,ENSG00000197428,7.93e-05,0.00456005,7.14e-05,-0.0016421,synonymous,11000000000.0,11,4639704,0.60848877,0.215667,0.36540193,,"{'smoking status measurement: lifetime smoking (PMID: 34855049)', 'smoking behavior: smoking status (ever vs never smokers) (PMID: 30643258)', 'smoking initiation: smoking initiation (PMID: 36477530)'}",,
GRM5,ENSG00000168959,9.15e-06,6.94e-06,0.01118534,-0.0383475,pLoF,11100000000.0,11,88508540,0.06516152,0.10301095,0.68432729,{'alcohol consumption measurement: drinks per week (PMID: 36477530)'},"{'smoking initiation: smoking initiation (PMID: 36477530)', 'smoking status measurement: smoking initiation (ever regular vs never regular) (mtag) (PMID: 30643251)'}",,"{'depressive symptom measurement: depressive symptoms (mtag) (PMID: 32606422)', 'aggressive behaviour measurement, adhd symptom measurement: disruptive behavior (multivariate analysis) (PMID: 36324656)', 'neuroticism measurement: neuroticism (PMID: 30643256)', 'depressive symptom measurement: depressive symptoms (PMID: 32606422)', 'unipolar depression: depression (broad) (PMID: 36750733)', 'neurotic disorder: neuroticism (PMID: 32231276)', 'unipolar depression: depression (PMID: 34586374)', 'unipolar depression: depression (PMID: 34924174)', 'unipolar depression: depression (PMID: 37464041)', 'major depressive disorder, covid-19: major depressive disorder or covid-19 infection (pleiotropy) (PMID: 37426090)', 'neuroticism measurement: sensitivity to environmental stress and adversity (PMID: 31972866)', 'unipolar depression: depression (PMID: 33859377)', 'risk-taking behaviour: risk-taking behavior (multivariate analysis) (PMID: 36324656)', 'unipolar depression: depression (broad) (PMID: 29662059)', 'unipolar depression: depression (PMID: 30718901)', 'neuroticism measurement: neurociticism (PMID: 29500382)', 'neuroticism measurement: neuroticism (PMID: 30595370)', 'attention deficit hyperactivity disorder, bipolar disorder, autism spectrum disorder, schizophrenia, major depressive disorder: neuropsychiatric disorders (PMID: 33479212)', 'neuroticism measurement: neuroticism (PMID: 29942085)', 'unipolar depression: major depressive disorder (PMID: 34045744)', 'neuroticism measurement: neuroticism (PMID: 29255261)', 'depressive symptom measurement: depressive symptoms (PMID: 30643256)', 'depressive symptom measurement: depressive symptoms (PMID: 29292387)', 'neuroticism measurement: general factor of neuroticism (PMID: 30867560)', 'unipolar depression: depression (PMID: 29942085)', 'neuroticism measurement, cognitive function measurement: personality traits or cognitive traits (multivariate analysis) (PMID: 37365406)', 'depressive symptom measurement: depressive symptoms (mtag) (PMID: 29292387)', 'neuroticism measurement: neuroticism (mtag) (PMID: 29292387)', 'endometriosis, unipolar depression: endometriosis or depression (pleiotropy) (PMID: 32959083)', 'unipolar depression, bipolar disorder: bipolar disorder or major depressive disorder (PMID: 31926635)', 'major depressive disorder: major depressive disorder (mtag) (PMID: 33479212)', 'unipolar depression: help-seeking from a gp (PMID: 32231276)'}"
ZPR1,ENSG00000109917,6.19e-05,0.07849521,2.67e-05,-0.0022171,synonymous,11100000000.0,11,116770097,0.86910085,0.215667,0.29866035,,{'cigarettes per day measurement: cigarettes smoked per day (mtag) (PMID: 36376304)'},,
CPSF6,ENSG00000111605,0.00010128,0.66384334,4.21e-05,-0.0037743,pLoF,12100000000.0,12,69239526,0.98139269,0.2300693,0.29866035,{'serum gamma-glutamyl transferase measurement: gamma glutamyl transferase levels in excessive alcohol consumption (PMID: 30589442)'},"{'smoking status measurement: smoking initiation (ever regular vs never regular) (PMID: 30643251)', 'smoking initiation: smoking initiation (PMID: 36477530)', 'smoking status measurement: smoking status (PMID: 30595370)', 'smoking status measurement: lifetime smoking (without educational attainment) (PMID: 34855049)', 'smoking initiation: smoking initiation (PMID: 33082346)', 'smoking status measurement: smoking initiation (ever regular vs never regular) (mtag) (PMID: 30643251)', '3-hydroxypropylmercapturic acid measurement: 3-hydroxypropylmercapturic acid levels in smokers (PMID: 26053186)', 'smoking status measurement: lifetime smoking (PMID: 34855049)', 'smoking initiation: smoking initiation (ever regular vs never regular) (PMID: 30679032)', 'smoking behavior: smoking status (ever vs never smokers) (PMID: 30643258)'}",,"{'attention deficit hyperactivity disorder, substance abuse, antisocial behaviour measurement: externalizing behaviour (multivariate analysis) (PMID: 34446935)', 'unipolar depression: major depressive disorder (PMID: 20673876)', ""late-onset alzheimers disease: late-onset alzheimer's disease (PMID: 27770636)""}"
ATP2B1,ENSG00000070961,2.81e-05,4.36e-05,0.00023806,-0.0026613,missense|LC,12100000000.0,12,89590911,0.1490287,0.15806213,0.44763198,"{'mean arterial pressure, alcohol consumption measurement: mean arterial pressure x alcohol consumption (light vs heavy) interaction (2df test) (PMID: 29912962)', 'pulse pressure measurement, alcohol consumption measurement: pulse pressure x alcohol consumption (light vs heavy) interaction (2df test) (PMID: 29912962)', 'diastolic blood pressure, alcohol drinking: diastolic blood pressure x alcohol consumption interaction (2df test) (PMID: 29912962)', 'mean arterial pressure, alcohol drinking: mean arterial pressure x alcohol consumption interaction (2df test) (PMID: 29912962)', 'systolic blood pressure, alcohol consumption measurement: systolic blood pressure x alcohol consumption (light vs heavy) interaction (2df test) (PMID: 29912962)', 'systolic blood pressure, alcohol drinking: systolic blood pressure x alcohol consumption interaction (2df test) (PMID: 29912962)', 'diastolic blood pressure, alcohol consumption measurement: diastolic blood pressure x alcohol consumption (light vs heavy) interaction (2df test) (PMID: 29912962)', 'pulse pressure measurement, alcohol drinking: pulse pressure x alcohol consumption interaction (2df test) (PMID: 29912962)'}","{'smoking status measurement, diastolic blood pressure: diastolic blood pressure x smoking status (ever vs never) interaction (2df test) (PMID: 29455858)', 'smoking status measurement, systolic blood pressure: systolic blood pressure x smoking status (current vs non-current) interaction (2df test) (PMID: 29455858)', 'smoking status measurement, diastolic blood pressure: diastolic blood pressure x smoking status (current vs non-current) interaction (2df test) (PMID: 29455858)', 'smoking status measurement, systolic blood pressure: systolic blood pressure (cigarette smoking interaction) (PMID: 29455858)', 'smoking status measurement, diastolic blood pressure: diastolic blood pressure (cigarette smoking interaction) (PMID: 29455858)', 'smoking status measurement, systolic blood pressure: systolic blood pressure x smoking status (ever vs never) interaction (2df test) (PMID: 29455858)'}",,"{'mean arterial pressure, unipolar depression: mean arterial pressure x depressive symptoms interaction (2df test) (PMID: 34734193)', 'risk-taking behaviour: automobile speeding propensity (PMID: 30643258)'}"
AKAP6,ENSG00000151320,0.00012685,4.01e-05,0.07691758,-0.0155041,pLoF,14000000000.0,14,32433422,0.1490287,0.24275813,0.81251505,"{'alcohol consumption measurement: drinks per week (PMID: 36477530)', 'wellbeing measurement, alcohol consumption measurement: alcohol consumption x experiences in childhood (felt loved by family member) interaction (PMID: 34417442)'}",,,"{'attention deficit hyperactivity disorder, substance abuse, antisocial behaviour measurement: externalizing behaviour (multivariate analysis) (PMID: 34446935)', 'schizophrenia: schizophrenia (PMID: 35396580)', 'intelligence: cognitive function (PMID: 25644384)', 'cognitive function measurement: cognitive performance (PMID: 30038396)', 'schizophrenia, intelligence, self reported educational attainment: cognitive ability, years of educational attainment or schizophrenia (pleiotropy) (PMID: 31374203)', 'intelligence: general cognitive ability (PMID: 29844566)', 'schizophrenia: schizophrenia (PMID: 28991256)', 'schizophrenia: schizophrenia (PMID: 26198764)', 'cognitive function measurement, self reported educational attainment: cognitive aspects of educational attainment (PMID: 33414549)', 'attention deficit hyperactivity disorder, autism spectrum disorder, intelligence: attention deficit hyperactivity disorder or autism spectrum disorder or intelligence (pleiotropy) (PMID: 35764056)', 'obsessive-compulsive disorder, attention deficit hyperactivity disorder, tourette syndrome, unipolar depression, bipolar disorder, autism spectrum disorder, schizophrenia, anorexia nervosa: anorexia nervosa, attention-deficit/hyperactivity disorder, autism spectrum disorder, bipolar disorder, major depression, obsessive-compulsive disorder, schizophrenia, or tourette syndrome (pleiotropy) (PMID: 31835028)', ""alzheimer disease, gastroesophageal reflux disease: alzheimer's disease or gastroesophageal reflux disease (PMID: 35851147)"", 'anorexia nervosa: anorexia nervosa (PMID: 21079607)', 'schizophrenia: schizophrenia (PMID: 30285260)', 'cognitive function measurement: cognitive traits (mtag) (PMID: 32895543)', 'cognitive function measurement: cognitive performance (mtag) (PMID: 30038396)'}"
DNAJA4,ENSG00000140403,6.63e-05,2.71e-05,0.00155144,-0.0024138,missense|LC,15100000000.0,15,78264253,0.13884566,0.215667,0.50916357,,,,
PMM2,ENSG00000140650,1.35e-07,2.37e-07,3.1e-06,-0.0023027,missense|LC,16000000000.0,16,8795849,0.00333666,0.00190063,0.08721391,,,,
SMG1,ENSG00000157106,0.00020245,6.94e-05,0.06523042,-0.0322754,pLoF,16000000000.0,16,18801101,0.19741054,0.2708118,0.80031613,,,,
USP31,ENSG00000103404,0.00011876,4.5e-05,0.08264523,0.01487691,pLoF,16000000000.0,16,23067938,0.1490287,0.24275813,0.82258147,,{'3-hydroxypropylmercapturic acid measurement: 3-hydroxypropylmercapturic acid levels in smokers (PMID: 26053186)'},,"{'lifestyle measurement, depressive symptom measurement: depression severity  x hours spent watching television interaction (PMID: 34877740)', 'unipolar depression: major depressive disorder in trauma-unexposed individuals (PMID: 31969693)'}"
ANKRD12,ENSG00000101745,9.38e-08,4.72e-08,0.00064305,-0.0118488,pLoF,18000000000.0,18,9134138,0.00088602,0.00176078,0.46336186,,,,
PLIN5,ENSG00000214456,9e-05,3.86e-05,0.01336168,0.00115711,missense|LC,19000000000.0,19,4517534,0.1490287,0.22044164,0.6924162,,,,
PPFIA3,ENSG00000177380,3.95e-05,1.73e-05,0.00128119,-0.0357207,pLoF,19000000000.0,19,49114819,0.12187833,0.18517404,0.48934736,,,,{'schizophrenia: schizophrenia (PMID: 35396580)'}
TSPYL2,ENSG00000184205,8.36e-05,0.0002673,0.00016447,-0.0174979,pLoF,23100000000.0,X,53077373,0.30641641,0.215667,0.41070304,,,,
ZNF449,ENSG00000173275,0.00013519,0.00021178,0.00023758,0.03555774,pLoF,23100000000.0,X,135347044,0.29500269,0.24275813,0.44763198,,,,
